,Subtype
KP258703,SubtypeA
KP258726,SubtypeA
KJ672447,SubtypeA
KX894800,SubtypeA
KU950473,SubtypeA
KJ672479,SubtypeA
KJ672474,SubtypeA
KU950501,SubtypeA
KU950479,SubtypeA
KU950564,SubtypeA
KU950487,SubtypeA
KJ672462,SubtypeA
KX894798,SubtypeA
KU950616,SubtypeA
KJ672483,SubtypeA
KU950609,SubtypeA
KX765891,SubtypeA
OK649656,SubtypeA
OK649646,SubtypeA
OK649637,SubtypeA
OK649653,SubtypeA
OK649608,SubtypeA
OK649635,SubtypeA
OK649649,SubtypeA
OK649595,SubtypeA
OK649606,SubtypeA
KF826826,SubtypeA
JX015487,SubtypeA
KF826841,SubtypeA
KF826850,SubtypeA
KF530268,SubtypeA
KF826846,SubtypeA
KU950561,SubtypeA
KF826836,SubtypeA
KF826837,SubtypeA
KF826852,SubtypeA
KF826828,SubtypeA
KF973326,SubtypeA
KF973336,SubtypeA
KF973330,SubtypeA
KF973329,SubtypeA
KF973334,SubtypeA
KF973324,SubtypeA
KF973320,SubtypeA
KF973323,SubtypeA
KF973321,SubtypeA
KF973322,SubtypeA
KF973333,SubtypeA
KF973328,SubtypeA
KF973319,SubtypeA
KF973332,SubtypeA
KF973327,SubtypeA
KF973340,SubtypeA
KF973338,SubtypeA
KF973339,SubtypeA
KF973335,SubtypeA
KF973325,SubtypeA
KF973331,SubtypeA
KJ627649,SubtypeA
MG027862,SubtypeA
KJ627720,SubtypeA
KJ627722,SubtypeA
KJ627721,SubtypeA
KJ627714,SubtypeA
KJ627715,SubtypeA
KJ627662,SubtypeA
KJ627719,SubtypeA
KJ627666,SubtypeA
KJ627667,SubtypeA
KJ627668,SubtypeA
JF920058,SubtypeA
OK649617,SubtypeA
JQ901456,SubtypeA
JQ901448,SubtypeA
KJ627716,SubtypeA
KJ627718,SubtypeA
KJ627717,SubtypeA
KF826827,SubtypeA
KJ627729,SubtypeA
JQ901449,SubtypeA
MF001038,SubtypeA
KX765933,SubtypeA
KF826832,SubtypeA
OK649677,SubtypeA
JQ901450,SubtypeA
JQ901451,SubtypeA
KU316096,SubtypeA
OK649671,SubtypeA
OP890317,SubtypeA
OR522478,SubtypeA
OP890335,SubtypeA
OP890325,SubtypeA
OP890313,SubtypeA
OP890326,SubtypeA
OR143146,SubtypeA
OR143200,SubtypeA
OR522485,SubtypeA
OP890324,SubtypeA
OR522482,SubtypeA
OR522463,SubtypeA
OP890336,SubtypeA
OP890320,SubtypeA
OP890328,SubtypeA
OR143182,SubtypeA
OR143162,SubtypeA
OP890332,SubtypeA
OR143214,SubtypeA
OQ171923,SubtypeA
OQ024133,SubtypeA
OQ171930,SubtypeA
OQ171903,SubtypeA
OQ171898,SubtypeA
OQ024132,SubtypeA
OQ024118,SubtypeA
OQ024130,SubtypeA
OP890329,SubtypeA
OP890339,SubtypeA
OP890312,SubtypeA
OP890323,SubtypeA
OQ171912,SubtypeA
OR143150,SubtypeA
OR143175,SubtypeA
OR143172,SubtypeA
OR143205,SubtypeA
OR143167,SubtypeA
OQ024113,SubtypeA
OQ024129,SubtypeA
OQ024144,SubtypeA
OR143151,SubtypeA
OR522508,SubtypeA
OQ171902,SubtypeA
OR143165,SubtypeA
OR143164,SubtypeA
OR143159,SubtypeA
OR143186,SubtypeA
OR143169,SubtypeA
OR143196,SubtypeA
OR143216,SubtypeA
OR143163,SubtypeA
OR143158,SubtypeA
OR143176,SubtypeA
OR143160,SubtypeA
OR143178,SubtypeA
OR143201,SubtypeA
OR143180,SubtypeA
OR143143,SubtypeA
OR143141,SubtypeA
OR522525,SubtypeA
OR143145,SubtypeA
OR143148,SubtypeA
OR522466,SubtypeA
OQ024126,SubtypeA
OQ024145,SubtypeA
OR143152,SubtypeA
OR143157,SubtypeA
OR143191,SubtypeA
OR143136,SubtypeA
OR143181,SubtypeA
OR143174,SubtypeA
OR522500,SubtypeA
OR601471,SubtypeA
OR143215,SubtypeA
OQ171913,SubtypeA
OQ024117,SubtypeA
OR143211,SubtypeA
OR143153,SubtypeA
OR143156,SubtypeA
OR143185,SubtypeA
OR143192,SubtypeA
OQ171925,SubtypeA
OQ171929,SubtypeA
OQ024140,SubtypeA
OQ024110,SubtypeA
OQ024151,SubtypeA
OQ024127,SubtypeA
OR143134,SubtypeA
OR601478,SubtypeA
OP890327,SubtypeA
OP890331,SubtypeA
OQ024156,SubtypeA
OR522511,SubtypeA
OP890333,SubtypeA
OR143208,SubtypeA
OR143219,SubtypeA
OR143199,SubtypeA
OR143173,SubtypeA
OR143203,SubtypeA
OR143193,SubtypeA
OR143147,SubtypeA
OR143155,SubtypeA
OR522480,SubtypeA
OP890318,SubtypeA
OP890321,SubtypeA
OP890338,SubtypeA
OP965711,SubtypeA
OQ024147,SubtypeA
OQ261752,SubtypeA
OK500260,SubtypeA
OK500257,SubtypeA
OK500258,SubtypeA
OK500259,SubtypeA
OK500265,SubtypeA
OK500266,SubtypeA
OK500267,SubtypeA
OK500269,SubtypeA
OK500268,SubtypeA
OQ024134,SubtypeA
MZ515825,SubtypeA
OR143194,SubtypeA
OR143221,SubtypeA
OR143149,SubtypeA
OQ024142,SubtypeA
MZ515567,SubtypeA
MZ516012,SubtypeA
MZ515749,SubtypeA
OP320380,SubtypeA
OP320382,SubtypeA
OP320389,SubtypeA
OP320383,SubtypeA
OP320393,SubtypeA
OP320378,SubtypeA
OP320381,SubtypeA
OP320397,SubtypeA
OP320384,SubtypeA
OP320385,SubtypeA
OP320390,SubtypeA
ON237320,SubtypeA
ON237353,SubtypeA
MZ515782,SubtypeA
OR143190,SubtypeA
OR666562,SubtypeA
MW160819,SubtypeA
MW160762,SubtypeA
OR666514,SubtypeA
OP320395,SubtypeA
OR601480,SubtypeA
OP320386,SubtypeA
OP320396,SubtypeA
OP320399,SubtypeA
OP320388,SubtypeA
OP320394,SubtypeA
OP320391,SubtypeA
OP320398,SubtypeA
MZ515616,SubtypeA
MZ516118,SubtypeA
MZ515780,SubtypeA
MZ515884,SubtypeA
MZ516134,SubtypeA
MZ515592,SubtypeA
ON237271,SubtypeA
KX765886,SubtypeA
KX765898,SubtypeA
MZ515682,SubtypeA
KC731482,SubtypeA
KX655644,SubtypeA
KU950615,SubtypeA
KU950631,SubtypeA
KX655640,SubtypeA
KX765977,SubtypeA
LC474556,SubtypeA
OR466337,SubtypeA
OR466338,SubtypeA
KY654516,SubtypeA
OR466352,SubtypeA
OR466353,SubtypeA
OK649683,SubtypeA
KX655626,SubtypeA
ON237285,SubtypeA
ON237280,SubtypeA
ON237286,SubtypeA
ON237281,SubtypeA
ON237283,SubtypeA
ON237284,SubtypeA
ON237278,SubtypeA
ON237274,SubtypeA
ON237288,SubtypeA
ON237291,SubtypeA
ON237275,SubtypeA
ON237330,SubtypeA
KU950557,SubtypeA
KU950570,SubtypeA
KJ672449,SubtypeA
KU950550,SubtypeA
KU950664,SubtypeA
OR666540,SubtypeA
OR666555,SubtypeA
OR666570,SubtypeA
OR666563,SubtypeA
MW020598,SubtypeA
MW020599,SubtypeA
OP320387,SubtypeA
MW020596,SubtypeA
MW020597,SubtypeA
OR666521,SubtypeA
MH447957,SubtypeA
MZ515800,SubtypeA
MZ515814,SubtypeA
MZ515802,SubtypeA
MZ515718,SubtypeA
MZ515913,SubtypeA
MZ515641,SubtypeA
MZ515862,SubtypeA
MZ515973,SubtypeA
MH447960,SubtypeA
KX765914,SubtypeA
KX765948,SubtypeA
KX765887,SubtypeA
KX765951,SubtypeA
KX765956,SubtypeA
KX765950,SubtypeA
KX765955,SubtypeA
KX765932,SubtypeA
MN306050,SubtypeA
ON729319,SubtypeA
MH290724,SubtypeA
LC699633,SubtypeA
MZ515866,SubtypeA
MH447959,SubtypeA
MZ515828,SubtypeA
MZ516110,SubtypeA
MZ515632,SubtypeA
MZ515731,SubtypeA
OR666558,SubtypeA
OR666552,SubtypeA
OR666560,SubtypeA
OR666566,SubtypeA
OR666567,SubtypeA
MN306048,SubtypeA
ON729318,SubtypeA
OR666522,SubtypeA
OR666516,SubtypeA
OR666531,SubtypeA
OR666510,SubtypeA
OR666541,SubtypeA
MZ515854,SubtypeA
MZ516027,SubtypeA
MZ515617,SubtypeA
MZ515954,SubtypeA
MZ516063,SubtypeA
MZ516067,SubtypeA
MZ515647,SubtypeA
MZ515964,SubtypeA
OQ024157,SubtypeA
OQ171900,SubtypeA
OR143177,SubtypeA
OR143207,SubtypeA
OQ024135,SubtypeA
OQ024143,SubtypeA
ON152648,SubtypeA
MZ516112,SubtypeA
MZ515692,SubtypeA
MZ516111,SubtypeA
OR666539,SubtypeA
MZ515910,SubtypeA
MZ515923,SubtypeA
MZ515555,SubtypeA
MZ515679,SubtypeA
MZ515928,SubtypeA
MZ515723,SubtypeA
MZ151852,SubtypeA
MT422270,SubtypeA
MT422269,SubtypeA
MZ515752,SubtypeA
MZ515882,SubtypeA
OR666561,SubtypeA
OR666536,SubtypeA
OP890319,SubtypeA
OR522460,SubtypeA
OQ024141,SubtypeA
OQ024111,SubtypeA
OR287986,SubtypeA
MZ516039,SubtypeA
OR666512,SubtypeA
OR666524,SubtypeA
OR143204,SubtypeA
OR143212,SubtypeA
OP890340,SubtypeA
OQ024128,SubtypeA
OR666549,SubtypeA
OR666534,SubtypeA
OR666556,SubtypeA
OR666565,SubtypeA
OR666538,SubtypeA
MT422271,SubtypeA
MT422272,SubtypeA
MT422273,SubtypeA
OR666557,SubtypeA
OR666572,SubtypeA
OR666564,SubtypeA
MN306029,SubtypeA
OR666559,SubtypeA
OR666528,SubtypeA
OR666518,SubtypeA
OR666553,SubtypeA
OR666554,SubtypeA
OR666526,SubtypeA
OR666525,SubtypeA
OR666573,SubtypeA
MZ515668,SubtypeA
MZ515942,SubtypeA
OR143210,SubtypeA
OR666551,SubtypeA
OQ024125,SubtypeA
OQ171918,SubtypeA
OP890322,SubtypeA
OR143202,SubtypeA
OR666544,SubtypeA
OR666545,SubtypeA
OR666542,SubtypeA
OP890315,SubtypeA
OR287942,SubtypeA
OR666533,SubtypeA
OR666508,SubtypeA
MZ516017,SubtypeA
MZ516086,SubtypeA
MZ515693,SubtypeA
MZ516100,SubtypeA
OR666535,SubtypeA
OQ024119,SubtypeA
OQ024123,SubtypeA
OK500256,SubtypeA
OR666530,SubtypeA
OR666532,SubtypeA
OR666546,SubtypeA
OR666509,SubtypeA
OR666520,SubtypeA
OR666527,SubtypeA
OR666523,SubtypeA
MZ516023,SubtypeA
MZ515993,SubtypeA
MZ515666,SubtypeA
MZ515619,SubtypeA
MN306017,SubtypeA
MN306045,SubtypeA
OR666513,SubtypeA
OR143195,SubtypeA
OR522494,SubtypeA
OR143140,SubtypeA
OR666537,SubtypeA
OR143144,SubtypeA
OR287874,SubtypeA
OR287927,SubtypeA
OR666571,SubtypeA
OR522481,SubtypeA
OR287899,SubtypeA
OR666505,SubtypeA
OR666548,SubtypeA
OR666550,SubtypeA
OP320392,SubtypeA
ON237263,SubtypeA
ON237264,SubtypeA
MN630088,SubtypeA
MN630090,SubtypeA
MN630096,SubtypeA
MN630104,SubtypeA
MN630106,SubtypeA
KY654515,SubtypeA
KY654517,SubtypeA
KY654512,SubtypeA
KY654513,SubtypeA
KY654518,SubtypeA
OP320379,SubtypeA
KX765925,SubtypeA
MF614947,SubtypeA
MH447952,SubtypeA
MH447951,SubtypeA
MK749917,SubtypeA
MK749911,SubtypeA
MK749893,SubtypeA
MK749867,SubtypeA
MK749886,SubtypeA
MK749890,SubtypeA
OR466356,SubtypeA
OR466358,SubtypeA
OR466357,SubtypeA
ON237336,SubtypeA
ON237345,SubtypeA
MZ515559,SubtypeA
MZ515695,SubtypeA
MZ515905,SubtypeA
MW160787,SubtypeA
MW160807,SubtypeA
OR466354,SubtypeA
MW160773,SubtypeA
ON237331,SubtypeA
ON237334,SubtypeA
ON237354,SubtypeA
ON237338,SubtypeA
MZ516072,SubtypeA
MZ515833,SubtypeA
MZ515740,SubtypeA
MZ515841,SubtypeA
MZ515835,SubtypeA
MZ516053,SubtypeA
MZ515703,SubtypeA
MZ515985,SubtypeA
MZ515939,SubtypeA
MZ516108,SubtypeA
MH447958,SubtypeA
ON237346,SubtypeA
KU950583,SubtypeA
KU950685,SubtypeA
KU950459,SubtypeA
KU950523,SubtypeA
KU950540,SubtypeA
KU950560,SubtypeA
LC530050,SubtypeA
MG793382,SubtypeA
MH383066,SubtypeA
MW160795,SubtypeA
MW160801,SubtypeA
MW160803,SubtypeA
ON237356,SubtypeA
ON237327,SubtypeA
ON237311,SubtypeA
ON237322,SubtypeA
ON237335,SubtypeA
ON237333,SubtypeA
ON237317,SubtypeA
ON237341,SubtypeA
ON237321,SubtypeA
MW033958,SubtypeA
MN630100,SubtypeA
MW160759,SubtypeA
MZ515633,SubtypeA
MZ515781,SubtypeA
MZ515962,SubtypeA
MZ515735,SubtypeA
MZ515804,SubtypeA
MZ515851,SubtypeA
MZ516052,SubtypeA
MZ516026,SubtypeA
MZ516044,SubtypeA
MZ515887,SubtypeA
MZ515588,SubtypeA
MZ515956,SubtypeA
MZ515902,SubtypeA
MZ515609,SubtypeA
ON237295,SubtypeA
MZ515909,SubtypeA
MZ515575,SubtypeA
MZ516028,SubtypeA
MZ515569,SubtypeA
MZ515921,SubtypeA
ON237289,SubtypeA
ON237294,SubtypeA
MW160769,SubtypeA
ON237296,SubtypeA
ON237297,SubtypeA
ON237300,SubtypeA
ON237310,SubtypeA
ON237324,SubtypeA
MW160825,SubtypeA
MZ516129,SubtypeA
MW160749,SubtypeA
ON237273,SubtypeA
ON237318,SubtypeA
ON237323,SubtypeA
ON237308,SubtypeA
ON237357,SubtypeA
ON237307,SubtypeA
ON237312,SubtypeA
ON237339,SubtypeA
OR287976,SubtypeA
ON237253,SubtypeA
ON237325,SubtypeA
ON237329,SubtypeA
ON237299,SubtypeA
ON237315,SubtypeA
MZ515852,SubtypeA
ON237355,SubtypeA
ON237304,SubtypeA
ON237301,SubtypeA
ON237352,SubtypeA
ON237302,SubtypeA
ON237328,SubtypeA
ON237305,SubtypeA
ON237340,SubtypeA
LC699634,SubtypeA
LC780103,SubtypeA
LC741418,SubtypeA
MZ515566,SubtypeA
MW160830,SubtypeA
MW160761,SubtypeA
MW160772,SubtypeA
MW160767,SubtypeA
MZ515766,SubtypeA
MZ515898,SubtypeA
MZ515701,SubtypeA
MZ515801,SubtypeA
MZ515651,SubtypeA
MZ516088,SubtypeA
MZ515696,SubtypeA
MZ515901,SubtypeA
MZ515859,SubtypeA
MZ515580,SubtypeA
MZ516038,SubtypeA
MZ516080,SubtypeA
MZ515821,SubtypeA
MZ515709,SubtypeA
MZ515720,SubtypeA
MZ516103,SubtypeA
MZ516132,SubtypeA
MZ515877,SubtypeA
OR287895,SubtypeA
OR287922,SubtypeA
OP890316,SubtypeA
MK749912,SubtypeA
MK749913,SubtypeA
ON237272,SubtypeA
KU950486,SubtypeA
KX894807,SubtypeA
KX765917,SubtypeA
KX765915,SubtypeA
KX765902,SubtypeA
MH828498,SubtypeA
ON237277,SubtypeA
ON237279,SubtypeA
OR666507,SubtypeA
OR666515,SubtypeA
OR666529,SubtypeA
OR666519,SubtypeA
OR666511,SubtypeA
MZ221205,SubtypeA
MZ221194,SubtypeA
ON237240,SubtypeA
MH279547,SubtypeA
MZ221197,SubtypeA
OQ261746,SubtypeA
MZ515840,SubtypeA
MZ516087,SubtypeA
MZ221199,SubtypeA
OR666506,SubtypeA
MW160822,SubtypeA
OR666504,SubtypeA
MH828499,SubtypeA
MZ221196,SubtypeA
MH828500,SubtypeA
OR666517,SubtypeA
KU950677,SubtypeA
ON237223,SubtypeA
ON237229,SubtypeA
ON237222,SubtypeA
ON237227,SubtypeA
ON237245,SubtypeA
ON237258,SubtypeA
ON237218,SubtypeA
ON237234,SubtypeA
MH828497,SubtypeA
MF001057,SubtypeA
MK167035,SubtypeA
KU950608,SubtypeA
KU950472,SubtypeA
KU950470,SubtypeA
KU950598,SubtypeA
KU950520,SubtypeA
KU950585,SubtypeA
KU950499,SubtypeA
KU950506,SubtypeA
KU950537,SubtypeA
KU950686,SubtypeA
MW160776,SubtypeA
ON237219,SubtypeA
ON237247,SubtypeA
ON237250,SubtypeA
OK649684,SubtypeA
OR466361,SubtypeA
KU950629,SubtypeA
KJ627264,SubtypeA
KU950531,SubtypeA
KY654514,SubtypeA
KU950636,SubtypeA
KU950670,SubtypeA
KM042391,SubtypeA
KU950628,SubtypeA
LC474558,SubtypeA
KU950594,SubtypeA
KJ672437,SubtypeA
KJ672457,SubtypeA
ON237241,SubtypeA
ON237242,SubtypeA
KU950581,SubtypeA
OR466347,SubtypeA
KU950456,SubtypeA
KU950464,SubtypeA
KU950460,SubtypeA
KU950590,SubtypeA
KU950527,SubtypeA
KU950549,SubtypeA
KU950698,SubtypeA
KU950518,SubtypeA
KU839631,SubtypeA
KU950683,SubtypeA
KU950544,SubtypeA
KU950566,SubtypeA
KU950638,SubtypeA
KU950639,SubtypeA
KU950519,SubtypeA
KU950468,SubtypeA
KU839624,SubtypeA
KU839626,SubtypeA
KU950491,SubtypeA
KU839630,SubtypeA
KU950455,SubtypeA
KU950623,SubtypeA
KU950505,SubtypeA
KU839639,SubtypeA
KU950641,SubtypeA
KU950650,SubtypeA
KU950644,SubtypeA
MW160774,SubtypeA
MW160785,SubtypeA
ON237265,SubtypeA
ON237267,SubtypeA
OR466346,SubtypeA
KU950556,SubtypeA
KX894797,SubtypeA
KJ672458,SubtypeA
KU950655,SubtypeA
KX894805,SubtypeA
KM042392,SubtypeA
ON237224,SubtypeA
ON237231,SubtypeA
ON237243,SubtypeA
KJ672465,SubtypeA
KY883567,SubtypeA
ON237260,SubtypeA
KY883566,SubtypeA
ON237236,SubtypeA
ON237261,SubtypeA
LC474557,SubtypeA
KU950502,SubtypeA
KU950643,SubtypeA
OR466359,SubtypeA
OM857326,SubtypeA
OM857327,SubtypeA
OM857298,SubtypeA
OM857303,SubtypeA
OM857299,SubtypeA
OM857300,SubtypeA
OM857315,SubtypeA
OM857304,SubtypeA
OM857305,SubtypeA
OM857301,SubtypeA
OM857302,SubtypeA
OM857325,SubtypeA
OM857338,SubtypeA
OM857335,SubtypeA
OM857336,SubtypeA
OM857341,SubtypeA
OM857339,SubtypeA
OM857340,SubtypeA
OM857337,SubtypeA
OM857342,SubtypeA
OM857332,SubtypeA
OM857331,SubtypeA
OM857330,SubtypeA
OM857334,SubtypeA
OM857316,SubtypeA
OM857318,SubtypeA
OM857317,SubtypeA
OM857343,SubtypeA
OM857346,SubtypeA
OM857306,SubtypeA
OM857347,SubtypeA
OM857359,SubtypeA
OM857322,SubtypeA
OM857296,SubtypeA
OM857333,SubtypeA
OM857323,SubtypeA
OM857295,SubtypeA
OM857297,SubtypeA
OM857321,SubtypeA
OM857319,SubtypeA
OM857313,SubtypeA
OM857314,SubtypeA
OM857283,SubtypeA
OM857284,SubtypeA
OM857285,SubtypeA
OM857276,SubtypeA
OM857280,SubtypeA
OM857271,SubtypeA
OM857272,SubtypeA
OM857275,SubtypeA
OM857282,SubtypeA
OM857286,SubtypeA
OM857273,SubtypeA
OM857277,SubtypeA
OM857278,SubtypeA
OM857270,SubtypeA
OM857290,SubtypeA
OM857274,SubtypeA
OM857288,SubtypeA
OM857281,SubtypeA
OM857289,SubtypeA
OM857351,SubtypeA
OM857350,SubtypeA
OM857353,SubtypeA
OM857352,SubtypeA
OM857354,SubtypeA
OM857292,SubtypeA
OM857293,SubtypeA
OM857291,SubtypeA
OM857309,SubtypeA
OM857310,SubtypeA
OM857312,SubtypeA
OM857311,SubtypeA
OM857324,SubtypeA
OM857307,SubtypeA
OM857294,SubtypeA
OM857362,SubtypeA
OM857344,SubtypeA
OM857345,SubtypeA
OM857308,SubtypeA
OM857245,SubtypeA
OM857246,SubtypeA
OM857247,SubtypeA
OM857248,SubtypeA
OM857244,SubtypeA
OM857232,SubtypeA
OM857223,SubtypeA
OM857235,SubtypeA
OM857220,SubtypeA
OM857221,SubtypeA
OM857224,SubtypeA
OM857237,SubtypeA
OM857216,SubtypeA
OM857217,SubtypeA
OM857225,SubtypeA
OM857218,SubtypeA
OM857219,SubtypeA
OM857215,SubtypeA
OM857226,SubtypeA
OM857358,SubtypeA
OM857236,SubtypeA
OM857222,SubtypeA
OM857356,SubtypeA
OM857262,SubtypeA
OM857263,SubtypeA
OM857243,SubtypeA
OM857250,SubtypeA
OM857241,SubtypeA
OM857228,SubtypeA
OM857363,SubtypeA
OM857256,SubtypeA
OM857257,SubtypeA
OM857258,SubtypeA
OM857254,SubtypeA
OM857252,SubtypeA
OM857251,SubtypeA
OM857260,SubtypeA
OM857255,SubtypeA
OM857259,SubtypeA
OM857265,SubtypeA
OM857267,SubtypeA
OM857261,SubtypeA
OM857253,SubtypeA
OM857360,SubtypeA
OM857240,SubtypeA
OM857355,SubtypeA
OM857214,SubtypeA
OM857230,SubtypeA
OM857231,SubtypeA
OM857227,SubtypeA
OM857213,SubtypeA
OM857242,SubtypeA
OM857233,SubtypeA
OM857264,SubtypeA
OM857234,SubtypeA
OM857229,SubtypeA
OM857239,SubtypeA
OM857249,SubtypeA
MW160827,SubtypeA
MW160824,SubtypeA
OM857164,SubtypeA
OM857177,SubtypeA
OM857174,SubtypeA
OM857154,SubtypeA
OM857156,SubtypeA
OM857171,SubtypeA
OM857172,SubtypeA
OM857158,SubtypeA
OM857159,SubtypeA
OM857157,SubtypeA
OM857155,SubtypeA
OM857160,SubtypeA
OM857162,SubtypeA
OM857151,SubtypeA
OM857150,SubtypeA
OM857152,SubtypeA
OM857168,SubtypeA
OM857170,SubtypeA
OM857188,SubtypeA
OM857175,SubtypeA
OM857180,SubtypeA
OM857140,SubtypeA
OM857176,SubtypeA
OM857189,SubtypeA
OM857200,SubtypeA
OM857197,SubtypeA
OM857195,SubtypeA
OM857196,SubtypeA
OR143206,SubtypeA
MZ515687,SubtypeA
MZ515784,SubtypeA
MZ515907,SubtypeA
OR287894,SubtypeA
OR287938,SubtypeA
OR287880,SubtypeA
MZ515631,SubtypeA
OR287856,SubtypeA
MZ515911,SubtypeA
MZ516000,SubtypeA
MZ515571,SubtypeA
MZ515614,SubtypeA
OR287891,SubtypeA
OR287939,SubtypeA
OR287885,SubtypeA
OR287863,SubtypeA
OR287897,SubtypeA
OR287969,SubtypeA
OR287866,SubtypeA
OR287857,SubtypeA
OR287924,SubtypeA
OR287904,SubtypeA
OR287965,SubtypeA
OQ331220,SubtypeA
MZ515645,SubtypeA
MZ516040,SubtypeA
OQ261751,SubtypeA
OR143223,SubtypeA
MZ516002,SubtypeA
MZ516014,SubtypeA
MZ516120,SubtypeA
MZ515961,SubtypeA
MZ515688,SubtypeA
MZ515987,SubtypeA
MZ515773,SubtypeA
MZ516047,SubtypeA
MZ516066,SubtypeA
MZ515758,SubtypeA
MZ515570,SubtypeA
OQ024139,SubtypeA
OQ171899,SubtypeA
OQ171896,SubtypeA
OQ024120,SubtypeA
OR601475,SubtypeA
OQ171916,SubtypeA
OQ171894,SubtypeA
OQ171909,SubtypeA
OQ171919,SubtypeA
OR601479,SubtypeA
OQ171920,SubtypeA
OQ171922,SubtypeA
OR287878,SubtypeA
MZ515643,SubtypeA
MZ515680,SubtypeA
MZ515803,SubtypeA
MZ516068,SubtypeA
MZ516130,SubtypeA
MZ515811,SubtypeA
MZ515623,SubtypeA
MZ515640,SubtypeA
MZ515940,SubtypeA
MZ516011,SubtypeA
MZ516033,SubtypeA
MZ515583,SubtypeA
MZ515860,SubtypeA
OR287859,SubtypeA
OR287932,SubtypeA
OR143137,SubtypeA
OP890314,SubtypeA
OR143188,SubtypeA
OQ024155,SubtypeA
MZ151854,SubtypeA
MZ151855,SubtypeA
OR143183,SubtypeA
OR143198,SubtypeA
OQ171926,SubtypeA
OQ171911,SubtypeA
OQ171897,SubtypeA
OQ171931,SubtypeA
OQ171904,SubtypeA
OR522473,SubtypeA
OR601470,SubtypeA
OQ024148,SubtypeA
OQ024124,SubtypeA
OR522526,SubtypeA
OR522527,SubtypeA
MZ515706,SubtypeA
MZ515755,SubtypeA
MZ515908,SubtypeA
MZ516093,SubtypeA
MZ515652,SubtypeA
MZ515992,SubtypeA
MZ515685,SubtypeA
MZ515989,SubtypeA
MZ516074,SubtypeA
MZ515848,SubtypeA
MZ515880,SubtypeA
MZ515951,SubtypeA
OR143187,SubtypeA
OR522529,SubtypeA
OR143166,SubtypeA
OR143171,SubtypeA
OQ171906,SubtypeA
MN306031,SubtypeA
MZ515986,SubtypeA
MZ516029,SubtypeA
OR287901,SubtypeA
OR143138,SubtypeA
OR143220,SubtypeA
OR143197,SubtypeA
MZ516031,SubtypeA
MZ516071,SubtypeA
MZ516007,SubtypeA
MZ515579,SubtypeA
MZ515943,SubtypeA
MZ516117,SubtypeA
MZ515585,SubtypeA
MZ515873,SubtypeA
MZ516075,SubtypeA
MZ515984,SubtypeA
MZ515847,SubtypeA
MZ515933,SubtypeA
MZ515772,SubtypeA
MZ515929,SubtypeA
MZ515689,SubtypeA
MZ515969,SubtypeA
MN306030,SubtypeA
MN306054,SubtypeA
MZ515966,SubtypeA
MZ516090,SubtypeA
ON237337,SubtypeA
ON237349,SubtypeA
ON237326,SubtypeA
ON237343,SubtypeA
ON237358,SubtypeA
ON237314,SubtypeA
MZ515573,SubtypeA
ON237319,SubtypeA
MW160809,SubtypeA
MW160820,SubtypeA
MZ515945,SubtypeA
MZ515948,SubtypeA
MZ516008,SubtypeA
ON237344,SubtypeA
ON237351,SubtypeA
ON237309,SubtypeA
ON237313,SubtypeA
ON237350,SubtypeA
MZ515568,SubtypeA
MZ515700,SubtypeA
MZ515931,SubtypeA
MZ515971,SubtypeA
MZ515744,SubtypeA
MZ515628,SubtypeA
MZ515649,SubtypeA
MZ516024,SubtypeA
MZ515790,SubtypeA
OR287921,SubtypeA
OR287975,SubtypeA
OR287954,SubtypeA
OR143154,SubtypeA
OR143168,SubtypeA
OR143184,SubtypeA
OR143189,SubtypeA
OR143170,SubtypeA
OR143179,SubtypeA
OQ024121,SubtypeA
OR143222,SubtypeA
OQ171901,SubtypeA
OR143142,SubtypeA
OR522521,SubtypeA
OR601477,SubtypeA
MZ515789,SubtypeA
MZ516058,SubtypeA
ON237316,SubtypeA
OR287903,SubtypeA
OR287984,SubtypeA
OR287916,SubtypeA
OQ331221,SubtypeA
ON237348,SubtypeA
MZ221198,SubtypeA
MT506703,SubtypeA
MZ515597,SubtypeA
MZ515576,SubtypeA
MZ515963,SubtypeA
MZ515777,SubtypeA
OR287968,SubtypeA
OR287941,SubtypeA
OR287945,SubtypeA
MZ515864,SubtypeA
MZ516015,SubtypeA
MZ515834,SubtypeA
MZ516073,SubtypeA
MZ515646,SubtypeA
MZ516137,SubtypeA
MZ515941,SubtypeA
MZ515606,SubtypeA
MZ515717,SubtypeA
OR287930,SubtypeA
KY967363,SubtypeA
ON237233,SubtypeA
ON237235,SubtypeA
ON237225,SubtypeA
ON237226,SubtypeA
ON237252,SubtypeA
ON237256,SubtypeA
KY982517,SubtypeA
KU950521,SubtypeA
MW160747,SubtypeA
MW160766,SubtypeA
MW160746,SubtypeA
MW160756,SubtypeA
ON237303,SubtypeA
ON237254,SubtypeA
KU950524,SubtypeA
KU950592,SubtypeA
KU950692,SubtypeA
KJ672441,SubtypeA
OR466339,SubtypeA
OR466340,SubtypeA
ON237268,SubtypeA
KM042390,SubtypeA
OK649682,SubtypeA
KJ672475,SubtypeA
KJ672469,SubtypeA
KM042388,SubtypeA
ON237220,SubtypeA
KU839637,SubtypeA
KU950627,SubtypeA
KU950596,SubtypeA
MH447953,SubtypeA
MH447954,SubtypeA
KM042389,SubtypeA
KU950642,SubtypeA
ON237232,SubtypeA
ON237238,SubtypeA
ON237237,SubtypeA
ON237239,SubtypeA
KU950492,SubtypeA
KJ672451,SubtypeA
KJ672466,SubtypeA
KJ672470,SubtypeA
KX894804,SubtypeA
KJ672424,SubtypeA
KJ672461,SubtypeA
KU950680,SubtypeA
KU950660,SubtypeA
KU950674,SubtypeA
KU950511,SubtypeA
KJ672452,SubtypeA
KM042383,SubtypeA
KJ672480,SubtypeA
KU950572,SubtypeA
KU950485,SubtypeA
KU950509,SubtypeA
KU950480,SubtypeA
KM042386,SubtypeA
KJ672464,SubtypeA
KU950474,SubtypeA
KU950567,SubtypeA
KU950513,SubtypeA
KJ672440,SubtypeA
KJ672433,SubtypeA
KU950673,SubtypeA
KU950493,SubtypeA
KU950696,SubtypeA
KY982516,SubtypeA
KU950653,SubtypeA
KU950612,SubtypeA
KU950671,SubtypeA
KJ672444,SubtypeA
KJ672468,SubtypeA
KU950654,SubtypeA
KX894799,SubtypeA
OR466360,SubtypeA
OR466336,SubtypeA
MG813977,SubtypeA
MG813993,SubtypeA
MG813992,SubtypeA
KU950626,SubtypeA
KJ672429,SubtypeA
KJ672454,SubtypeA
KX894803,SubtypeA
KU950617,SubtypeA
KJ672467,SubtypeA
KU950694,SubtypeA
KU950475,SubtypeA
KU950483,SubtypeA
MZ515650,SubtypeA
MZ515655,SubtypeA
OP320377,SubtypeA
MZ515681,SubtypeA
MH828494,SubtypeA
MZ221195,SubtypeA
MW160764,SubtypeA
MW160782,SubtypeA
MW160779,SubtypeA
ON237292,SubtypeA
ON237293,SubtypeA
ON237276,SubtypeA
ON237287,SubtypeA
MW160783,SubtypeA
MW160771,SubtypeA
MW160768,SubtypeA
MW160778,SubtypeA
KX765941,SubtypeA
MW582528,SubtypeA
MH828493,SubtypeA
MZ515967,SubtypeA
KJ672472,SubtypeA
KU950651,SubtypeA
MZ515620,SubtypeA
MZ516055,SubtypeA
KX765971,SubtypeA
KX765940,SubtypeA
KX765972,SubtypeA
KX765919,SubtypeA
KX765904,SubtypeA
KX765974,SubtypeA
KX765954,SubtypeA
KX765939,SubtypeA
KX765916,SubtypeA
KX765944,SubtypeA
ON237249,SubtypeA
MH828492,SubtypeA
MN630089,SubtypeA
MN630099,SubtypeA
MN630093,SubtypeA
KU950666,SubtypeA
MW160828,SubtypeA
MH828502,SubtypeA
MG813980,SubtypeA
MG813981,SubtypeA
OR466334,SubtypeA
OR466333,SubtypeA
MG813984,SubtypeA
MG813985,SubtypeA
OK649681,SubtypeA
MG813983,SubtypeA
OR466335,SubtypeA
JX627336,SubtypeA
MH828491,SubtypeA
OR666568,SubtypeA
OR666569,SubtypeA
MZ515634,SubtypeA
OR666543,SubtypeA
OR666547,SubtypeA
MG839543,SubtypeA
ON237266,SubtypeA
MZ516077,SubtypeA
OR466349,SubtypeA
ON237270,SubtypeA
KT285064,SubtypeA
MZ516057,SubtypeA
ON237298,SubtypeA
MZ515842,SubtypeA
MH828501,SubtypeA
MH828495,SubtypeA
MH828496,SubtypeA
KX765970,SubtypeA
KJ672448,SubtypeA
KX894806,SubtypeA
KJ672432,SubtypeA
MF614946,SubtypeA
MZ515891,SubtypeA
MZ515927,SubtypeA
MZ516092,SubtypeA
MZ515870,SubtypeA
MZ515819,SubtypeA
MZ515853,SubtypeA
MZ515922,SubtypeA
MZ516076,SubtypeA
MZ515600,SubtypeA
MZ515959,SubtypeA
MK749884,SubtypeA
ON237228,SubtypeA
ON237221,SubtypeA
KX765926,SubtypeA
MG813978,SubtypeA
MG813979,SubtypeA
OR466330,SubtypeA
OR466329,SubtypeA
MW160754,SubtypeA
MW160799,SubtypeA
MW160797,SubtypeA
MW160758,SubtypeA
ON237306,SubtypeA
ON237332,SubtypeA
ON237246,SubtypeA
ON237259,SubtypeA
ON237262,SubtypeA
ON237244,SubtypeA
ON237230,SubtypeA
KJ672471,SubtypeA
MW160753,SubtypeA
KU950610,SubtypeA
MH447955,SubtypeA
MH447956,SubtypeA
ON237269,SubtypeA
MK749895,SubtypeA
MK749909,SubtypeA
KJ672428,SubtypeA
MZ516043,SubtypeA
MG813990,SubtypeA
MG813991,SubtypeA
MG813988,SubtypeA
OR466332,SubtypeA
OR466331,SubtypeA
OQ848536,SubtypeA
KJ672482,SubtypeA
KJ672484,SubtypeA
KJ672477,SubtypeA
KJ672427,SubtypeA
KJ672463,SubtypeA
KJ672446,SubtypeA
KJ672456,SubtypeA
KJ672460,SubtypeA
KU950632,SubtypeA
KJ672434,SubtypeA
KJ672450,SubtypeA
KJ672478,SubtypeA
KM042384,SubtypeA
KM042381,SubtypeA
KJ672426,SubtypeA
KJ672442,SubtypeA
KJ672435,SubtypeA
KM042385,SubtypeA
KJ672453,SubtypeA
KU950507,SubtypeA
KU950658,SubtypeA
KJ672439,SubtypeA
KU950595,SubtypeA
KU950541,SubtypeA
KU950545,SubtypeA
KU950528,SubtypeA
KU950620,SubtypeA
KU950498,SubtypeA
KU950536,SubtypeA
KU950649,SubtypeA
KU950529,SubtypeA
KU950546,SubtypeA
KU950646,SubtypeA
KU950469,SubtypeA
KU950579,SubtypeA
KU950522,SubtypeA
KU950645,SubtypeA
KJ672443,SubtypeA
KJ672455,SubtypeA
KU950554,SubtypeA
KJ672431,SubtypeA
KX894802,SubtypeA
KU950538,SubtypeA
KU950624,SubtypeA
KU950563,SubtypeA
KU950634,SubtypeA
KU950667,SubtypeA
OK649675,SubtypeA
KJ627374,SubtypeA
ON237251,SubtypeA
ON237255,SubtypeA
ON237257,SubtypeA
KX765960,SubtypeA
KX655677,SubtypeA
KX765901,SubtypeA
KX765967,SubtypeA
KX765936,SubtypeA
KX765938,SubtypeA
KX765931,SubtypeA
KX765911,SubtypeA
KX765894,SubtypeA
MF001043,SubtypeA
MK167036,SubtypeA
KU950652,SubtypeA
KX765896,SubtypeA
KX765969,SubtypeA
KX765920,SubtypeA
KX765934,SubtypeA
KX765937,SubtypeA
KX765953,SubtypeA
KX765913,SubtypeA
KJ672436,SubtypeA
KX894796,SubtypeA
KJ672459,SubtypeA
KU950661,SubtypeA
OQ848537,SubtypeA
KX655666,SubtypeA
OK649647,SubtypeA
JF920053,SubtypeA
KF826849,SubtypeA
KF530269,SubtypeA
KC978856,SubtypeA
KX655658,SubtypeA
KX655639,SubtypeA
MF001039,SubtypeA
KC731483,SubtypeA
OK649640,SubtypeA
MN630097,SubtypeA
KY654508,SubtypeA
KY654509,SubtypeA
KY654507,SubtypeA
KY654510,SubtypeA
KY654506,SubtypeA
MF001049,SubtypeA
MF001051,SubtypeA
KX655652,SubtypeA
KX655675,SubtypeA
OK649680,SubtypeA
OR466327,SubtypeA
KY460517,SubtypeA
OK649639,SubtypeA
MF001050,SubtypeA
MF001056,SubtypeA
MF001053,SubtypeA
OQ848534,SubtypeA
LC780102,SubtypeA
KP663728,SubtypeA
KX655627,SubtypeA
KX655676,SubtypeA
MK109775,SubtypeA
KX655616,SubtypeA
KX765946,SubtypeA
KX765958,SubtypeA
KX655662,SubtypeA
OR466342,SubtypeA
OR466345,SubtypeA
OR466341,SubtypeA
OR466343,SubtypeA
KX765918,SubtypeA
KJ939970,SubtypeA
KX765942,SubtypeA
KX655647,SubtypeA
KY654511,SubtypeA
OQ848540,SubtypeA
KX655632,SubtypeA
KJ627259,SubtypeA
OK649655,SubtypeA
MG431255,SubtypeA
OK649648,SubtypeA
OK649651,SubtypeA
OK649641,SubtypeA
OK649645,SubtypeA
KF826856,SubtypeA
KJ627303,SubtypeA
KJ627308,SubtypeA
KJ627356,SubtypeA
KJ627343,SubtypeA
OK649644,SubtypeA
OK649650,SubtypeA
OK649643,SubtypeA
MF001041,SubtypeA
MF554737,SubtypeA
JF920054,SubtypeA
MF973157,SubtypeA
KM578843,SubtypeA
KX765910,SubtypeA
JX015483,SubtypeA
KJ939944,SubtypeA
KJ939963,SubtypeA
KJ939960,SubtypeA
KJ939950,SubtypeA
KJ939949,SubtypeA
KJ939969,SubtypeA
KJ939941,SubtypeA
KJ939945,SubtypeA
KJ939967,SubtypeA
KJ939962,SubtypeA
KJ939964,SubtypeA
KJ939951,SubtypeA
KJ939968,SubtypeA
KJ939946,SubtypeA
MF973160,SubtypeA
OQ848530,SubtypeA
KJ939942,SubtypeA
JX015479,SubtypeA
KJ627250,SubtypeA
KJ627320,SubtypeA
KJ627287,SubtypeA
KJ627252,SubtypeA
KJ627355,SubtypeA
KJ627297,SubtypeA
KJ627283,SubtypeA
KJ627295,SubtypeA
KJ627326,SubtypeA
KJ627346,SubtypeA
KJ627312,SubtypeA
KJ627351,SubtypeA
KJ627370,SubtypeA
KJ627245,SubtypeA
KJ627301,SubtypeA
KJ627268,SubtypeA
KJ627261,SubtypeA
KJ627309,SubtypeA
KJ627279,SubtypeA
KJ627367,SubtypeA
KJ627372,SubtypeA
KJ627256,SubtypeA
KJ627253,SubtypeA
KJ627365,SubtypeA
KJ627306,SubtypeA
KJ627360,SubtypeA
KJ627318,SubtypeA
KJ627315,SubtypeA
KJ627291,SubtypeA
KJ627373,SubtypeA
KJ627272,SubtypeA
KJ627286,SubtypeA
KJ627350,SubtypeA
KJ627294,SubtypeA
MG431254,SubtypeA
KJ627319,SubtypeA
KJ627344,SubtypeA
KX655615,SubtypeA
KX655630,SubtypeA
KJ939936,SubtypeA
KJ939937,SubtypeA
KJ939939,SubtypeA
KJ939940,SubtypeA
KJ939935,SubtypeA
KJ939938,SubtypeA
OQ848531,SubtypeA
KF530261,SubtypeA
KJ627267,SubtypeA
KJ627275,SubtypeA
JX015494,SubtypeA
KJ939965,SubtypeA
KP317953,SubtypeA
MF554738,SubtypeA
KJ627246,SubtypeA
KJ627349,SubtypeA
KJ627304,SubtypeA
KJ627322,SubtypeA
KJ627300,SubtypeA
KX655631,SubtypeA
KX655659,SubtypeA
MK109772,SubtypeA
MK109763,SubtypeA
KX655687,SubtypeA
MK109777,SubtypeA
KX655695,SubtypeA
KX655699,SubtypeA
KX655620,SubtypeA
KX655638,SubtypeA
KX655665,SubtypeA
KX765928,SubtypeA
KX655621,SubtypeA
KX655689,SubtypeA
KX655680,SubtypeA
KX655663,SubtypeA
KX655682,SubtypeA
OQ848539,SubtypeA
KJ627271,SubtypeA
KY782635,SubtypeA
KX655673,SubtypeA
KX655622,SubtypeA
KX655617,SubtypeA
MK109774,SubtypeA
KX655678,SubtypeA
MK109785,SubtypeA
KX655628,SubtypeA
KX655637,SubtypeA
KX655636,SubtypeA
KX655694,SubtypeA
KX655650,SubtypeA
MF001054,SubtypeA
MF001052,SubtypeA
MK109776,SubtypeA
MK109787,SubtypeA
KX655618,SubtypeA
KX655634,SubtypeA
KX655697,SubtypeA
KX655635,SubtypeA
KX655667,SubtypeA
KX655651,SubtypeA
KX655619,SubtypeA
KX655672,SubtypeA
KX655623,SubtypeA
KX655696,SubtypeA
MK109773,SubtypeA
KF826855,SubtypeA
OK649636,SubtypeA
KF826833,SubtypeA
KJ627345,SubtypeA
KJ627357,SubtypeA
KJ627269,SubtypeA
KJ627296,SubtypeA
KJ627273,SubtypeA
KJ627307,SubtypeA
KJ627263,SubtypeA
KJ627334,SubtypeA
KJ627371,SubtypeA
KJ627358,SubtypeA
KJ627292,SubtypeA
KJ627325,SubtypeA
KJ627329,SubtypeA
KJ627298,SubtypeA
KJ627313,SubtypeA
KJ627270,SubtypeA
KJ627258,SubtypeA
KJ627333,SubtypeA
KX655691,SubtypeA
MN604236,SubtypeA
OQ848532,SubtypeA
KX655670,SubtypeA
OK649652,SubtypeA
KX655656,SubtypeA
KX655657,SubtypeA
KJ627316,SubtypeA
KX655643,SubtypeA
KM517572,SubtypeA
JX015496,SubtypeA
KX655692,SubtypeA
OQ848528,SubtypeA
OQ848529,SubtypeA
OQ848533,SubtypeA
OQ848538,SubtypeA
MF973161,SubtypeA
KJ939961,SubtypeA
KJ939971,SubtypeA
JX015484,SubtypeA
JX015492,SubtypeA
OK649623,SubtypeA
JX015489,SubtypeA
JX015491,SubtypeA
JX015490,SubtypeA
JX015493,SubtypeA
OK649663,SubtypeA
OK649667,SubtypeA
JX015482,SubtypeA
KF826831,SubtypeA
KJ627328,SubtypeA
KJ939947,SubtypeA
KJ939966,SubtypeA
KF826830,SubtypeA
JX015498,SubtypeA
OK649633,SubtypeA
OK649629,SubtypeA
OK649632,SubtypeA
OK649619,SubtypeA
OK649597,SubtypeA
OK649607,SubtypeA
OK649602,SubtypeA
OK649626,SubtypeA
OK649624,SubtypeA
OK649621,SubtypeA
OK649630,SubtypeA
OK649631,SubtypeA
OK649609,SubtypeA
OK649611,SubtypeA
OK649620,SubtypeA
OK649616,SubtypeA
OK649622,SubtypeA
OK649599,SubtypeA
OK649615,SubtypeA
OK649605,SubtypeA
OK649603,SubtypeA
OK649604,SubtypeA
OK649610,SubtypeA
OK649613,SubtypeA
OK649601,SubtypeA
OK649654,SubtypeA
OK649628,SubtypeA
OK649638,SubtypeA
OK649634,SubtypeA
OK649618,SubtypeA
JX015499,SubtypeA
JF920049,SubtypeA
JF920050,SubtypeA
JF920051,SubtypeA
KJ627274,SubtypeA
KJ627362,SubtypeA
KJ627282,SubtypeA
KJ627266,SubtypeA
KJ627288,SubtypeA
KF826840,SubtypeA
KJ627281,SubtypeA
KJ627354,SubtypeA
KJ627369,SubtypeA
KJ627338,SubtypeA
KJ627293,SubtypeA
JF920048,SubtypeA
KF826821,SubtypeA
JF920046,SubtypeA
JF920047,SubtypeA
MF001047,SubtypeA
KJ627335,SubtypeA
KJ627337,SubtypeA
KJ627290,SubtypeA
KJ627257,SubtypeA
KF826838,SubtypeA
JX015481,SubtypeA
JX015497,SubtypeA
JX015495,SubtypeA
JQ901447,SubtypeA
KJ627321,SubtypeA
KJ627366,SubtypeA
KJ627314,SubtypeA
KJ627324,SubtypeA
KJ627339,SubtypeA
KJ627284,SubtypeA
KJ627289,SubtypeA
KJ627248,SubtypeA
KJ627276,SubtypeA
KJ627327,SubtypeA
KJ627260,SubtypeA
KJ627336,SubtypeA
KJ627353,SubtypeA
KJ627255,SubtypeA
KJ627311,SubtypeA
OK649679,SubtypeA
JX069799,SubtypeA
JQ901457,SubtypeA
OK649662,SubtypeA
OK649666,SubtypeA
OK649665,SubtypeA
OK649661,SubtypeA
OK649664,SubtypeA
OK649660,SubtypeA
JX015486,SubtypeA
OK649642,SubtypeA
JQ901458,SubtypeA
OK649596,SubtypeA
JF920057,SubtypeA
KP856968,SubtypeA
KU316141,SubtypeA
KU316091,SubtypeA
MF973159,SubtypeA
OQ889161,SubtypeA
OK649614,SubtypeA
OK649600,SubtypeA
OQ848535,SubtypeA
OK649598,SubtypeA
OK649627,SubtypeA
OK649612,SubtypeA
OK649625,SubtypeA
KJ627305,SubtypeA
KJ627361,SubtypeA
KJ627352,SubtypeA
JQ901452,SubtypeA
JQ901453,SubtypeA
JX015480,SubtypeA
KF826848,SubtypeA
KP258697,SubtypeA
KU316139,SubtypeA
MG642033,SubtypeA
MG642080,SubtypeA
MG642050,SubtypeA
KU316131,SubtypeA
OK649592,SubtypeA
KJ627647,SubtypeA
KJ627648,SubtypeA
JX069798,SubtypeA
FJ948820,SubtypeA
OK649590,SubtypeA
OK649657,SubtypeA
OK649659,SubtypeA
KU316118,SubtypeA
ON210121,SubtypeA
ON210122,SubtypeA
ON210123,SubtypeA
ON210124,SubtypeA
KP218910,SubtypeA
KU950573,SubtypeA
OK649672,SubtypeA
MG642056,SubtypeA
KU316166,SubtypeA
MG642081,SubtypeA
MG642026,SubtypeA
KU316142,SubtypeA
KU316148,SubtypeA
KU316126,SubtypeA
KP258743,SubtypeA
OK649678,SubtypeA
OK649658,SubtypeA
JF920065,SubtypeA
JX069800,SubtypeA
OK649669,SubtypeA
KU316092,SubtypeA
MG642030,SubtypeA
KP258737,SubtypeA
MG642034,SubtypeA
KJ723464,SubtypeA
KP258734,SubtypeA
KJ723492,SubtypeA
KP258700,SubtypeA
KU316167,SubtypeA
KU316110,SubtypeA
KU316138,SubtypeA
MG642077,SubtypeA
KP258733,SubtypeA
KU316125,SubtypeA
MG642035,SubtypeA
KJ723483,SubtypeA
MG642071,SubtypeA
KU316098,SubtypeA
KP258723,SubtypeA
MG642070,SubtypeA
MG642063,SubtypeA
KJ643517,SubtypeA
KJ643573,SubtypeA
KJ643540,SubtypeA
KJ643491,SubtypeA
KJ643567,SubtypeA
KJ643469,SubtypeA
KJ643478,SubtypeA
KJ643503,SubtypeA
KJ643552,SubtypeA
KJ643481,SubtypeA
KJ643488,SubtypeA
KJ643583,SubtypeA
KJ643501,SubtypeA
KJ643483,SubtypeA
KJ643542,SubtypeA
KJ643549,SubtypeA
KJ643502,SubtypeA
KJ643575,SubtypeA
KJ643510,SubtypeA
KJ643530,SubtypeA
KJ643512,SubtypeA
KJ643572,SubtypeA
KJ643543,SubtypeA
KJ643544,SubtypeA
KJ643576,SubtypeA
KJ643537,SubtypeA
KJ643471,SubtypeA
KJ643524,SubtypeA
KJ643518,SubtypeA
KJ643529,SubtypeA
KJ643586,SubtypeA
KJ643570,SubtypeA
KJ643574,SubtypeA
KJ643520,SubtypeA
KJ643563,SubtypeA
KJ643498,SubtypeA
KJ643589,SubtypeA
KJ643466,SubtypeA
KJ643535,SubtypeA
KJ643484,SubtypeA
KJ643464,SubtypeA
KJ643508,SubtypeA
KJ643507,SubtypeA
KJ643505,SubtypeA
KJ643504,SubtypeA
KJ643470,SubtypeA
KJ643514,SubtypeA
KJ643475,SubtypeA
KJ643467,SubtypeA
KJ643531,SubtypeA
KJ643513,SubtypeA
KJ643494,SubtypeA
KJ643522,SubtypeA
KJ643585,SubtypeA
KJ643571,SubtypeA
KJ643568,SubtypeA
KJ643474,SubtypeA
KJ643527,SubtypeA
KJ643569,SubtypeA
KJ643551,SubtypeA
KJ643546,SubtypeA
KJ643553,SubtypeA
KJ643555,SubtypeA
KJ643485,SubtypeA
KJ643556,SubtypeA
KJ643579,SubtypeA
KJ643523,SubtypeA
KJ643554,SubtypeA
KJ643525,SubtypeA
KJ643545,SubtypeA
KJ643486,SubtypeA
KJ643536,SubtypeA
KJ643511,SubtypeA
KJ643473,SubtypeA
KJ643468,SubtypeA
KJ643584,SubtypeA
KJ643493,SubtypeA
KJ643495,SubtypeA
KJ643550,SubtypeA
KJ643562,SubtypeA
KJ643565,SubtypeA
KJ643526,SubtypeA
KJ643561,SubtypeA
KJ643465,SubtypeA
KJ643581,SubtypeA
KJ643528,SubtypeA
KJ643462,SubtypeA
KJ643559,SubtypeA
KJ643560,SubtypeA
KJ643506,SubtypeA
KJ643519,SubtypeA
KJ643564,SubtypeA
KJ643566,SubtypeA
KJ643499,SubtypeA
KJ643497,SubtypeA
KJ643480,SubtypeA
KJ643477,SubtypeA
KJ643534,SubtypeA
KJ643463,SubtypeA
KJ643476,SubtypeA
KJ643482,SubtypeA
KJ627678,SubtypeA
KJ627679,SubtypeA
KJ627682,SubtypeA
KJ627683,SubtypeA
KJ627684,SubtypeA
JX069802,SubtypeA
JX069803,SubtypeA
KJ627685,SubtypeA
KJ627687,SubtypeA
KJ627686,SubtypeA
KJ627663,SubtypeA
KJ627664,SubtypeA
KJ627671,SubtypeA
KJ627670,SubtypeA
KJ627723,SubtypeA
KJ627725,SubtypeA
KJ627724,SubtypeA
KJ627657,SubtypeA
KJ627659,SubtypeA
KJ627727,SubtypeA
KJ627728,SubtypeA
KJ627731,SubtypeA
KJ627733,SubtypeA
KJ627652,SubtypeA
KJ627674,SubtypeA
KJ627675,SubtypeA
KJ627710,SubtypeA
KJ627688,SubtypeA
KJ627672,SubtypeA
KJ627693,SubtypeA
KJ627704,SubtypeA
KJ627705,SubtypeA
KJ627706,SubtypeA
KJ627707,SubtypeA
KJ627702,SubtypeA
KJ627703,SubtypeA
KJ627708,SubtypeA
KJ627709,SubtypeA
KJ627676,SubtypeA
JX015485,SubtypeA
JX015488,SubtypeA
KJ627656,SubtypeA
KF530260,SubtypeA
KF826854,SubtypeA
KJ939943,SubtypeA
KJ939948,SubtypeA
JQ901455,SubtypeA
KJ627690,SubtypeA
MZ221191,SubtypeA
MF973156,SubtypeA
KF826847,SubtypeA
JQ901454,SubtypeA
KP258727,SubtypeA
KU316180,SubtypeA
KF826823,SubtypeA
KF826824,SubtypeA
KU316145,SubtypeA
KP258707,SubtypeA
KU316170,SubtypeA
KU316176,SubtypeA
MG642055,SubtypeA
MG642048,SubtypeA
KJ723487,SubtypeA
KP258740,SubtypeA
KP258722,SubtypeA
KU316161,SubtypeA
OK649676,SubtypeA
KP258710,SubtypeA
KP258732,SubtypeA
KU316104,SubtypeA
KJ723490,SubtypeA
KP258728,SubtypeA
MG642052,SubtypeA
MG642061,SubtypeA
KP258701,SubtypeA
OK649674,SubtypeA
KJ723465,SubtypeA
KP258711,SubtypeA
KJ723473,SubtypeA
KJ627695,SubtypeA
KJ627696,SubtypeA
KU316121,SubtypeA
KJ723462,SubtypeA
KU316133,SubtypeA
MG642083,SubtypeA
KP258699,SubtypeA
MG642031,SubtypeA
MG642079,SubtypeA
MG642040,SubtypeA
MG642032,SubtypeA
MG642058,SubtypeA
MG642028,SubtypeA
KP258725,SubtypeA
KU316090,SubtypeA
KU316135,SubtypeA
KP258709,SubtypeA
KP856967,SubtypeA
KJ723488,SubtypeA
MG642024,SubtypeA
KU316137,SubtypeA
KU316178,SubtypeA
KU316149,SubtypeA
KU316157,SubtypeA
KP856969,SubtypeA
KU316143,SubtypeA
MG642074,SubtypeA
KJ723468,SubtypeA
KU316093,SubtypeA
KP258715,SubtypeA
KP258696,SubtypeA
KP258704,SubtypeA
KU316150,SubtypeA
KU316099,SubtypeA
KU316123,SubtypeA
OK649591,SubtypeA
OK649593,SubtypeA
OK649594,SubtypeA
OK649589,SubtypeA
KP258744,SubtypeA
OK649673,SubtypeA
OK649670,SubtypeA
KU316107,SubtypeA
KU316164,SubtypeA
KP258717,SubtypeA
KU316174,SubtypeA
KU316153,SubtypeA
KP258719,SubtypeA
KU316165,SubtypeA
KP258730,SubtypeA
KP258695,SubtypeA
KJ723491,SubtypeA
KU316162,SubtypeA
MG642067,SubtypeA
MG813989,SubtypeA
KP258729,SubtypeA
KP258741,SubtypeA
KU316109,SubtypeA
KU316124,SubtypeA
KU316119,SubtypeA
KJ723474,SubtypeA
KJ723489,SubtypeA
KU316103,SubtypeA
KJ723478,SubtypeA
KJ723467,SubtypeA
KU316120,SubtypeA
MG642038,SubtypeA
MG642069,SubtypeA
KJ723461,SubtypeA
KU316154,SubtypeA
KU316152,SubtypeA
KU316169,SubtypeA
KJ723475,SubtypeA
KU316160,SubtypeA
MG642075,SubtypeA
KU316146,SubtypeA
KU316140,SubtypeA
KU316155,SubtypeA
KU316106,SubtypeA
KU316168,SubtypeA
KU316112,SubtypeA
MG642060,SubtypeA
KU316171,SubtypeA
KY418147,SubtypeA
KY418148,SubtypeA
JF920069,SubtypeA
OQ848527,SubtypeA
MT492011,SubtypeA
MT492012,SubtypeA
LC741417,SubtypeA
OK649668,SubtypeA
KJ627278,SubtypeB
KJ627341,SubtypeB
KJ627330,SubtypeB
OR143231,SubtypeB
OR143234,SubtypeB
OR143241,SubtypeB
OQ357795,SubtypeB
OR143237,SubtypeB
OR326843,SubtypeB
OR326786,SubtypeB
OR326832,SubtypeB
OR326848,SubtypeB
OR143228,SubtypeB
OR143248,SubtypeB
OR326800,SubtypeB
OR326829,SubtypeB
OR326790,SubtypeB
OR326788,SubtypeB
OR326818,SubtypeB
OP890348,SubtypeB
OP965703,SubtypeB
OQ171933,SubtypeB
OP965709,SubtypeB
OP965705,SubtypeB
OP965707,SubtypeB
OR326783,SubtypeB
OR326796,SubtypeB
OR326844,SubtypeB
OR326810,SubtypeB
OP965708,SubtypeB
OR326825,SubtypeB
OR143230,SubtypeB
OR143235,SubtypeB
OR143225,SubtypeB
OR143243,SubtypeB
OR143242,SubtypeB
OQ171937,SubtypeB
OP965700,SubtypeB
OP890341,SubtypeB
OP890342,SubtypeB
OP890344,SubtypeB
OR326820,SubtypeB
OR326849,SubtypeB
OR522539,SubtypeB
OR522540,SubtypeB
OP890345,SubtypeB
OP890349,SubtypeB
OR522538,SubtypeB
OP890350,SubtypeB
OR326828,SubtypeB
OR326784,SubtypeB
OR326787,SubtypeB
OQ357796,SubtypeB
OP890343,SubtypeB
OR326814,SubtypeB
OR326794,SubtypeB
OQ024160,SubtypeB
OR143229,SubtypeB
OR326813,SubtypeB
OR326835,SubtypeB
OR326823,SubtypeB
OR326824,SubtypeB
OR326809,SubtypeB
OR326841,SubtypeB
OR143240,SubtypeB
OR326836,SubtypeB
OR326840,SubtypeB
OR326845,SubtypeB
OR326817,SubtypeB
OR143246,SubtypeB
OR326821,SubtypeB
OP965702,SubtypeB
OR326808,SubtypeB
OQ024162,SubtypeB
OQ261741,SubtypeB
OR326827,SubtypeB
OP965706,SubtypeB
OP965710,SubtypeB
OR143249,SubtypeB
OR326803,SubtypeB
OR326811,SubtypeB
OQ171934,SubtypeB
OR143236,SubtypeB
OR143247,SubtypeB
OR143226,SubtypeB
OR143239,SubtypeB
OP890346,SubtypeB
OQ357797,SubtypeB
OR326830,SubtypeB
OR326833,SubtypeB
OR326804,SubtypeB
OR326806,SubtypeB
OR326729,SubtypeB
OR326730,SubtypeB
OQ171932,SubtypeB
OP965698,SubtypeB
OR326842,SubtypeB
OQ171942,SubtypeB
OR143227,SubtypeB
OQ171938,SubtypeB
OR326816,SubtypeB
OP890347,SubtypeB
OR326755,SubtypeB
OR326751,SubtypeB
OR666578,SubtypeB
ON729320,SubtypeB
OQ331210,SubtypeB
OR666585,SubtypeB
OR666604,SubtypeB
LC741420,SubtypeB
MZ515786,SubtypeB
MZ515895,SubtypeB
MZ516139,SubtypeB
MZ515712,SubtypeB
MZ515904,SubtypeB
MZ515677,SubtypeB
MZ515953,SubtypeB
MZ516123,SubtypeB
MZ515778,SubtypeB
MZ516105,SubtypeB
MN108244,SubtypeB
MZ515594,SubtypeB
MZ515653,SubtypeB
MZ515978,SubtypeB
OR326735,SubtypeB
OR326739,SubtypeB
OR326757,SubtypeB
OR326733,SubtypeB
MZ515751,SubtypeB
OM857371,SubtypeB
OM857372,SubtypeB
MZ515671,SubtypeB
MZ515691,SubtypeB
MZ515844,SubtypeB
MZ516101,SubtypeB
MZ515557,SubtypeB
MZ516021,SubtypeB
MZ515672,SubtypeB
MZ515779,SubtypeB
MZ515937,SubtypeB
MZ515759,SubtypeB
MZ515756,SubtypeB
MZ516056,SubtypeB
MZ515707,SubtypeB
OM857392,SubtypeB
OQ331212,SubtypeB
OQ331219,SubtypeB
OQ331214,SubtypeB
MZ515605,SubtypeB
MZ515599,SubtypeB
OR326747,SubtypeB
OR326749,SubtypeB
OR326732,SubtypeB
OR326736,SubtypeB
MZ515584,SubtypeB
MZ516061,SubtypeB
MZ515839,SubtypeB
MZ515846,SubtypeB
MZ515979,SubtypeB
MZ515775,SubtypeB
MZ516062,SubtypeB
MZ515719,SubtypeB
MZ515807,SubtypeB
OR666577,SubtypeB
MW160815,SubtypeB
OR666594,SubtypeB
OR666607,SubtypeB
OR666590,SubtypeB
OR666574,SubtypeB
MZ515596,SubtypeB
MZ515767,SubtypeB
MZ516051,SubtypeB
MZ515762,SubtypeB
MT107528,SubtypeB
MZ515845,SubtypeB
MZ515944,SubtypeB
MZ515658,SubtypeB
MZ515883,SubtypeB
MZ515974,SubtypeB
MZ515636,SubtypeB
MZ515903,SubtypeB
MZ515812,SubtypeB
MZ515820,SubtypeB
MZ516037,SubtypeB
MZ516125,SubtypeB
MZ515936,SubtypeB
MZ515656,SubtypeB
OM857386,SubtypeB
OM857387,SubtypeB
OM857385,SubtypeB
OM857384,SubtypeB
OM857388,SubtypeB
OM857382,SubtypeB
OM857383,SubtypeB
OM857389,SubtypeB
MT373705,SubtypeB
OP320403,SubtypeB
MZ516065,SubtypeB
OP320401,SubtypeB
OP320404,SubtypeB
MZ151849,SubtypeB
MZ151851,SubtypeB
OM857368,SubtypeB
OM857373,SubtypeB
MZ515726,SubtypeB
MZ515791,SubtypeB
MZ515857,SubtypeB
MZ516042,SubtypeB
MZ516081,SubtypeB
MZ515753,SubtypeB
MZ515607,SubtypeB
MZ515635,SubtypeB
MZ515914,SubtypeB
MZ515934,SubtypeB
OQ331215,SubtypeB
OR326758,SubtypeB
OQ331216,SubtypeB
OR326741,SubtypeB
OR326768,SubtypeB
MZ516049,SubtypeB
MZ515827,SubtypeB
MZ515930,SubtypeB
MZ515899,SubtypeB
MZ515863,SubtypeB
MZ515728,SubtypeB
MZ516143,SubtypeB
MZ515715,SubtypeB
MZ515972,SubtypeB
MZ515872,SubtypeB
MZ516140,SubtypeB
MZ515776,SubtypeB
OR326731,SubtypeB
MZ515699,SubtypeB
OM857375,SubtypeB
OR666608,SubtypeB
MZ515560,SubtypeB
MZ516003,SubtypeB
MZ515639,SubtypeB
MZ516135,SubtypeB
MZ515558,SubtypeB
MZ515938,SubtypeB
OR666600,SubtypeB
OR666606,SubtypeB
OR666580,SubtypeB
OR666593,SubtypeB
OR666591,SubtypeB
OR326769,SubtypeB
OR326772,SubtypeB
OR326734,SubtypeB
OM857390,SubtypeB
MZ516102,SubtypeB
MZ515997,SubtypeB
OM857380,SubtypeB
MZ515830,SubtypeB
MZ515553,SubtypeB
OR666582,SubtypeB
OR666586,SubtypeB
OR666579,SubtypeB
OR666595,SubtypeB
OR326737,SubtypeB
OR326740,SubtypeB
OR326760,SubtypeB
OP320402,SubtypeB
OP320405,SubtypeB
OR666575,SubtypeB
MZ515590,SubtypeB
OR666603,SubtypeB
OR666605,SubtypeB
LC720430,SubtypeB
OM857393,SubtypeB
OR666601,SubtypeB
OR666602,SubtypeB
OR666597,SubtypeB
MZ515975,SubtypeB
OM857381,SubtypeB
OR326744,SubtypeB
OR326771,SubtypeB
OR326770,SubtypeB
OM857370,SubtypeB
OQ261743,SubtypeB
MZ515678,SubtypeB
MZ515823,SubtypeB
OP320400,SubtypeB
OR326759,SubtypeB
MT373704,SubtypeB
OR326764,SubtypeB
OP975389,SubtypeB
MW020595,SubtypeB
MZ515748,SubtypeB
MZ516114,SubtypeB
MZ515837,SubtypeB
OR326738,SubtypeB
MZ516054,SubtypeB
MZ515799,SubtypeB
MZ515990,SubtypeB
MZ516098,SubtypeB
MZ515732,SubtypeB
MZ515871,SubtypeB
MZ515771,SubtypeB
MZ516083,SubtypeB
MZ515638,SubtypeB
MZ516020,SubtypeB
MZ516122,SubtypeB
MZ516030,SubtypeB
OR326792,SubtypeB
OR326789,SubtypeB
OR326791,SubtypeB
OR326812,SubtypeB
MZ515824,SubtypeB
MZ515660,SubtypeB
MZ516059,SubtypeB
OR326750,SubtypeB
OR326765,SubtypeB
OQ331218,SubtypeB
OR326774,SubtypeB
OM857369,SubtypeB
OR326742,SubtypeB
OR326776,SubtypeB
OR326773,SubtypeB
OR666587,SubtypeB
OR666583,SubtypeB
OR666581,SubtypeB
OR326743,SubtypeB
OR666584,SubtypeB
OR666599,SubtypeB
MZ515595,SubtypeB
MZ515794,SubtypeB
MZ515724,SubtypeB
MZ515581,SubtypeB
MZ515946,SubtypeB
MT373703,SubtypeB
LC699635,SubtypeB
LC699636,SubtypeB
MZ515562,SubtypeB
MZ515977,SubtypeB
OR326745,SubtypeB
OR326746,SubtypeB
MZ515608,SubtypeB
MW160823,SubtypeB
MZ515970,SubtypeB
OQ261736,SubtypeB
MZ515591,SubtypeB
MZ515761,SubtypeB
MZ516022,SubtypeB
MZ515613,SubtypeB
MZ516095,SubtypeB
MK481079,SubtypeB
MK534510,SubtypeB
MZ515612,SubtypeB
MK534511,SubtypeB
MK534512,SubtypeB
MN163125,SubtypeB
OR666576,SubtypeB
OR666598,SubtypeB
MZ515665,SubtypeB
MZ515730,SubtypeB
MZ515886,SubtypeB
MZ516034,SubtypeB
MZ516089,SubtypeB
MZ515683,SubtypeB
MZ515625,SubtypeB
MZ515865,SubtypeB
MZ516113,SubtypeB
OR326763,SubtypeB
OR666588,SubtypeB
OR666592,SubtypeB
LC474552,SubtypeB
LC474554,SubtypeB
LC474555,SubtypeB
MZ515694,SubtypeB
MZ516107,SubtypeB
MN306044,SubtypeB
MZ515637,SubtypeB
MZ515981,SubtypeB
MZ515757,SubtypeB
MZ515716,SubtypeB
MN163126,SubtypeB
MZ515667,SubtypeB
MZ515894,SubtypeB
MZ515917,SubtypeB
MZ516116,SubtypeB
MZ515916,SubtypeB
MZ515817,SubtypeB
MZ515925,SubtypeB
MZ515704,SubtypeB
MW160814,SubtypeB
MW160826,SubtypeB
MW160838,SubtypeB
MW160837,SubtypeB
MW160818,SubtypeB
MZ515809,SubtypeB
MZ515627,SubtypeB
MZ515561,SubtypeB
MZ515890,SubtypeB
MZ515669,SubtypeB
MZ515698,SubtypeB
MZ515663,SubtypeB
MZ515926,SubtypeB
MZ516016,SubtypeB
MZ516060,SubtypeB
MW160832,SubtypeB
MW160780,SubtypeB
MZ515738,SubtypeB
ON237212,SubtypeB
ON237171,SubtypeB
MW160812,SubtypeB
MZ515746,SubtypeB
MZ516094,SubtypeB
MZ515598,SubtypeB
MZ515743,SubtypeB
MZ515955,SubtypeB
MZ515995,SubtypeB
MZ515710,SubtypeB
MZ151850,SubtypeB
MZ151856,SubtypeB
MZ515769,SubtypeB
MW160836,SubtypeB
ON237186,SubtypeB
ON237191,SubtypeB
ON237204,SubtypeB
ON237181,SubtypeB
MZ515574,SubtypeB
ON237184,SubtypeB
ON237179,SubtypeB
ON237207,SubtypeB
ON237172,SubtypeB
ON237178,SubtypeB
ON237196,SubtypeB
ON237175,SubtypeB
ON237177,SubtypeB
ON237210,SubtypeB
ON237187,SubtypeB
ON237200,SubtypeB
ON237169,SubtypeB
ON237202,SubtypeB
ON237198,SubtypeB
ON237201,SubtypeB
ON237195,SubtypeB
ON237180,SubtypeB
ON237190,SubtypeB
ON237182,SubtypeB
ON237173,SubtypeB
ON237206,SubtypeB
ON237192,SubtypeB
ON237185,SubtypeB
ON237197,SubtypeB
ON237199,SubtypeB
ON237194,SubtypeB
ON237209,SubtypeB
LC474546,SubtypeB
LC488177,SubtypeB
LC474551,SubtypeB
MW160804,SubtypeB
MZ515868,SubtypeB
MZ515991,SubtypeB
MZ515565,SubtypeB
MZ515611,SubtypeB
MW160800,SubtypeB
MW160831,SubtypeB
MZ515674,SubtypeB
MW160784,SubtypeB
OR666589,SubtypeB
LC474553,SubtypeB
MN365431,SubtypeB
MN365429,SubtypeB
MN365547,SubtypeB
MN365583,SubtypeB
MN365430,SubtypeB
LC385002,SubtypeB
ON237138,SubtypeB
MW160777,SubtypeB
MT040085,SubtypeB
ON237214,SubtypeB
ON237216,SubtypeB
ON237155,SubtypeB
MN365455,SubtypeB
MN365359,SubtypeB
MN365501,SubtypeB
MN365561,SubtypeB
MN365363,SubtypeB
MN365335,SubtypeB
MN365461,SubtypeB
MN365320,SubtypeB
MN365410,SubtypeB
MN365379,SubtypeB
MN365388,SubtypeB
MN365383,SubtypeB
MN365486,SubtypeB
MN365559,SubtypeB
MN365387,SubtypeB
MN365378,SubtypeB
MN365372,SubtypeB
MN365440,SubtypeB
MN365344,SubtypeB
MN365488,SubtypeB
MN365492,SubtypeB
MN365502,SubtypeB
MN365532,SubtypeB
MN365519,SubtypeB
MN365526,SubtypeB
MN365521,SubtypeB
MN365503,SubtypeB
MN365520,SubtypeB
MN365522,SubtypeB
MN365490,SubtypeB
MN365524,SubtypeB
MN365530,SubtypeB
MN365361,SubtypeB
MN365362,SubtypeB
MN365598,SubtypeB
MN365443,SubtypeB
MN365445,SubtypeB
MN365449,SubtypeB
MN365447,SubtypeB
MN365470,SubtypeB
MN365457,SubtypeB
MN365464,SubtypeB
MN365446,SubtypeB
MN365472,SubtypeB
MN365462,SubtypeB
MN365463,SubtypeB
MN365337,SubtypeB
MN365564,SubtypeB
MN365466,SubtypeB
MN365385,SubtypeB
MN365456,SubtypeB
MN365533,SubtypeB
MN365535,SubtypeB
MN365491,SubtypeB
MN365523,SubtypeB
MN365531,SubtypeB
MN365556,SubtypeB
MN365409,SubtypeB
MN365557,SubtypeB
MN365408,SubtypeB
MN365517,SubtypeB
MN365584,SubtypeB
MN365418,SubtypeB
MN365411,SubtypeB
MN365412,SubtypeB
MN365593,SubtypeB
MN365589,SubtypeB
MN365587,SubtypeB
MN365414,SubtypeB
MN365487,SubtypeB
MN365489,SubtypeB
MN365417,SubtypeB
MN365452,SubtypeB
OK500261,SubtypeB
OK500262,SubtypeB
OK500263,SubtypeB
OK500264,SubtypeB
OR466397,SubtypeB
OR466398,SubtypeB
OR466392,SubtypeB
OR466394,SubtypeB
OR466393,SubtypeB
OR466391,SubtypeB
LC384999,SubtypeB
LC385005,SubtypeB
ON237215,SubtypeB
ON237217,SubtypeB
ON237148,SubtypeB
ON237168,SubtypeB
ON237150,SubtypeB
MK929516,SubtypeB
MW160811,SubtypeB
MW160816,SubtypeB
MK749898,SubtypeB
MK749902,SubtypeB
MK749871,SubtypeB
MK749872,SubtypeB
MK749892,SubtypeB
MK749877,SubtypeB
MK749891,SubtypeB
MK749873,SubtypeB
MK749881,SubtypeB
MK749899,SubtypeB
ON237084,SubtypeB
ON237122,SubtypeB
ON237091,SubtypeB
ON237152,SubtypeB
ON237125,SubtypeB
ON237127,SubtypeB
LC474545,SubtypeB
LC474550,SubtypeB
LC384997,SubtypeB
KY249681,SubtypeB
KY249683,SubtypeB
MZ515729,SubtypeB
MZ515892,SubtypeB
MZ516126,SubtypeB
MZ516141,SubtypeB
MZ515869,SubtypeB
MZ515793,SubtypeB
MZ515770,SubtypeB
MZ515587,SubtypeB
MZ515996,SubtypeB
MW160802,SubtypeB
ON237176,SubtypeB
ON237189,SubtypeB
ON237166,SubtypeB
ON237203,SubtypeB
KX765906,SubtypeB
KM517573,SubtypeB
LC474537,SubtypeB
ON237183,SubtypeB
ON237188,SubtypeB
MW160794,SubtypeB
MN365355,SubtypeB
MN365353,SubtypeB
MN365350,SubtypeB
MN365349,SubtypeB
MN365348,SubtypeB
MN365346,SubtypeB
MN365376,SubtypeB
MN365384,SubtypeB
MN365375,SubtypeB
MN365558,SubtypeB
MN365579,SubtypeB
MN365313,SubtypeB
MN365305,SubtypeB
MN365340,SubtypeB
MK749901,SubtypeB
MK749885,SubtypeB
MK749882,SubtypeB
MK749868,SubtypeB
MK749910,SubtypeB
MK749869,SubtypeB
MK749916,SubtypeB
MK749894,SubtypeB
MK749887,SubtypeB
MW160781,SubtypeB
MZ515648,SubtypeB
LC474542,SubtypeB
LC474544,SubtypeB
MN365444,SubtypeB
MN365459,SubtypeB
MN365467,SubtypeB
MN365458,SubtypeB
MN365448,SubtypeB
MN365351,SubtypeB
MN365347,SubtypeB
MN365468,SubtypeB
MN365471,SubtypeB
MN365473,SubtypeB
MN365469,SubtypeB
MN365333,SubtypeB
MN365360,SubtypeB
MN365590,SubtypeB
MN365330,SubtypeB
MN365331,SubtypeB
MN365332,SubtypeB
MN365329,SubtypeB
MN365325,SubtypeB
MN365319,SubtypeB
MN365465,SubtypeB
MN365413,SubtypeB
MN365518,SubtypeB
MN365460,SubtypeB
MN365451,SubtypeB
MN365516,SubtypeB
MN365528,SubtypeB
MN365450,SubtypeB
MN365343,SubtypeB
MN365441,SubtypeB
MN365555,SubtypeB
MN365356,SubtypeB
MN365357,SubtypeB
MN365453,SubtypeB
MN365544,SubtypeB
MN365494,SubtypeB
MN365588,SubtypeB
MN365596,SubtypeB
MN365500,SubtypeB
MN365586,SubtypeB
MN365595,SubtypeB
MN365592,SubtypeB
MN365527,SubtypeB
MN365529,SubtypeB
MN365497,SubtypeB
MN365567,SubtypeB
MN365597,SubtypeB
MN365599,SubtypeB
MN365600,SubtypeB
MN365454,SubtypeB
MN365594,SubtypeB
MN365591,SubtypeB
MN365336,SubtypeB
MN365496,SubtypeB
MN365493,SubtypeB
MN365380,SubtypeB
MN365324,SubtypeB
MN365374,SubtypeB
MN365585,SubtypeB
MN365389,SubtypeB
MN365442,SubtypeB
MN365415,SubtypeB
MN365420,SubtypeB
MN365504,SubtypeB
MN365315,SubtypeB
MN365551,SubtypeB
MW160763,SubtypeB
MW160821,SubtypeB
MN365386,SubtypeB
MN365498,SubtypeB
ON237211,SubtypeB
MZ515918,SubtypeB
MH327947,SubtypeB
LC474541,SubtypeB
MW160748,SubtypeB
MW160805,SubtypeB
MN365308,SubtypeB
MN365307,SubtypeB
MN365304,SubtypeB
MN365539,SubtypeB
MN365485,SubtypeB
MN365536,SubtypeB
MN365306,SubtypeB
MN365310,SubtypeB
MN365510,SubtypeB
MN365316,SubtypeB
MN365546,SubtypeB
MN365419,SubtypeB
MN365499,SubtypeB
MN365565,SubtypeB
MN365369,SubtypeB
MN365422,SubtypeB
MN365427,SubtypeB
MN365434,SubtypeB
MN365478,SubtypeB
MN365545,SubtypeB
MN365475,SubtypeB
MN365550,SubtypeB
MN365538,SubtypeB
MN365515,SubtypeB
MN365563,SubtypeB
MN365358,SubtypeB
MN365382,SubtypeB
MN365352,SubtypeB
MN365354,SubtypeB
MN365377,SubtypeB
MN365562,SubtypeB
MZ515764,SubtypeB
MZ515924,SubtypeB
MK749870,SubtypeB
MK749903,SubtypeB
MK749907,SubtypeB
MK749888,SubtypeB
MK749866,SubtypeB
MK749904,SubtypeB
MK749878,SubtypeB
MK749906,SubtypeB
MK749874,SubtypeB
MK749880,SubtypeB
MK749914,SubtypeB
MK749879,SubtypeB
MK749915,SubtypeB
MK749905,SubtypeB
MK749876,SubtypeB
MK749897,SubtypeB
MK749889,SubtypeB
MK749896,SubtypeB
MK749908,SubtypeB
MK749875,SubtypeB
MZ515578,SubtypeB
MZ515843,SubtypeB
MZ515603,SubtypeB
MZ515831,SubtypeB
MZ516082,SubtypeB
MW160765,SubtypeB
MZ516041,SubtypeB
LC385006,SubtypeB
OR666596,SubtypeB
MN163124,SubtypeB
MW160793,SubtypeB
MW160806,SubtypeB
KY249682,SubtypeB
MH828511,SubtypeB
MK929517,SubtypeB
KX765935,SubtypeB
OM857396,SubtypeB
OM857397,SubtypeB
MK167041,SubtypeB
MW160810,SubtypeB
MW160839,SubtypeB
MZ515836,SubtypeB
MZ516104,SubtypeB
MZ516045,SubtypeB
KY924878,SubtypeB
MW160757,SubtypeB
MN365314,SubtypeB
MN365574,SubtypeB
MN365580,SubtypeB
MN365433,SubtypeB
MN365428,SubtypeB
MN365511,SubtypeB
MN365339,SubtypeB
MN365437,SubtypeB
MN365512,SubtypeB
MN365311,SubtypeB
MN365435,SubtypeB
MN365432,SubtypeB
MN365398,SubtypeB
MN365404,SubtypeB
MN365508,SubtypeB
MN365513,SubtypeB
MN365570,SubtypeB
MN365400,SubtypeB
MN365392,SubtypeB
MN365582,SubtypeB
MN365537,SubtypeB
MN365439,SubtypeB
MN365373,SubtypeB
MN365474,SubtypeB
MN365321,SubtypeB
MN365318,SubtypeB
MN365322,SubtypeB
MN365327,SubtypeB
MN365534,SubtypeB
MN365560,SubtypeB
MN365328,SubtypeB
MN365326,SubtypeB
MN365345,SubtypeB
MN365509,SubtypeB
MN365553,SubtypeB
MN365401,SubtypeB
MN365548,SubtypeB
MN365396,SubtypeB
MN365405,SubtypeB
MN365576,SubtypeB
MN365578,SubtypeB
MN365394,SubtypeB
MN365341,SubtypeB
MN365552,SubtypeB
MN365406,SubtypeB
MN365438,SubtypeB
MN365371,SubtypeB
MN365514,SubtypeB
MN365506,SubtypeB
MN365391,SubtypeB
MN365542,SubtypeB
MN365390,SubtypeB
MN365572,SubtypeB
MN365407,SubtypeB
MN365476,SubtypeB
MN365397,SubtypeB
MN365571,SubtypeB
MN365581,SubtypeB
MN365477,SubtypeB
MN365483,SubtypeB
MN365395,SubtypeB
MN365549,SubtypeB
MN365507,SubtypeB
MN365577,SubtypeB
MN365393,SubtypeB
MN365402,SubtypeB
MN365323,SubtypeB
MN365505,SubtypeB
MN365416,SubtypeB
MN365495,SubtypeB
MN365334,SubtypeB
MN365424,SubtypeB
MN365312,SubtypeB
MN365399,SubtypeB
MZ515889,SubtypeB
MW160808,SubtypeB
MW160792,SubtypeB
MW160796,SubtypeB
MW160750,SubtypeB
MW160788,SubtypeB
MW160755,SubtypeB
MW160770,SubtypeB
MW160744,SubtypeB
MW160789,SubtypeB
MZ516032,SubtypeB
MW160775,SubtypeB
KY684758,SubtypeB
MW160760,SubtypeB
MW160752,SubtypeB
ON237208,SubtypeB
KY249660,SubtypeB
MG839547,SubtypeB
MZ515554,SubtypeB
MW160829,SubtypeB
MW160813,SubtypeB
MW160835,SubtypeB
MW160834,SubtypeB
MT040088,SubtypeB
MT040084,SubtypeB
MT040086,SubtypeB
LC385004,SubtypeB
LC385008,SubtypeB
MT040087,SubtypeB
MW160786,SubtypeB
MW160817,SubtypeB
MW160745,SubtypeB
MW160791,SubtypeB
MW160798,SubtypeB
MW160790,SubtypeB
ON237213,SubtypeB
MW160751,SubtypeB
MW160833,SubtypeB
KY674984,SubtypeB
KX765912,SubtypeB
KY249667,SubtypeB
KY249673,SubtypeB
ON237151,SubtypeB
ON237129,SubtypeB
ON237146,SubtypeB
ON237136,SubtypeB
ON237139,SubtypeB
ON237162,SubtypeB
ON237167,SubtypeB
KY883570,SubtypeB
ON237154,SubtypeB
KY883568,SubtypeB
KY883569,SubtypeB
MH828506,SubtypeB
MH828505,SubtypeB
KX765947,SubtypeB
KY249657,SubtypeB
MH828507,SubtypeB
ON237114,SubtypeB
MK109782,SubtypeB
KX655648,SubtypeB
KX655681,SubtypeB
LC474538,SubtypeB
OR466381,SubtypeB
OR466380,SubtypeB
OR466382,SubtypeB
OR466395,SubtypeB
OR466396,SubtypeB
OR466390,SubtypeB
OR466401,SubtypeB
KU839625,SubtypeB
KU950607,SubtypeB
MH828510,SubtypeB
MH828509,SubtypeB
MH828508,SubtypeB
ON237099,SubtypeB
MZ516025,SubtypeB
KX765895,SubtypeB
KX765929,SubtypeB
KX765892,SubtypeB
KU950587,SubtypeB
KU950604,SubtypeB
MH828503,SubtypeB
KU950635,SubtypeB
KU950637,SubtypeB
OR466373,SubtypeB
OR466374,SubtypeB
KX765905,SubtypeB
LC385000,SubtypeB
LC385007,SubtypeB
LC385003,SubtypeB
LC385001,SubtypeB
MK109786,SubtypeB
KX765961,SubtypeB
LC384998,SubtypeB
MK929518,SubtypeB
KX655653,SubtypeB
ON237159,SubtypeB
ON237160,SubtypeB
KX765959,SubtypeB
KP663729,SubtypeB
ON237134,SubtypeB
MG839545,SubtypeB
ON237130,SubtypeB
ON237133,SubtypeB
ON237161,SubtypeB
OR466366,SubtypeB
OR466369,SubtypeB
KP663730,SubtypeB
MH828504,SubtypeB
KU950467,SubtypeB
KU950611,SubtypeB
KU950682,SubtypeB
KX765897,SubtypeB
KX765921,SubtypeB
KX765966,SubtypeB
KX765957,SubtypeB
KX765962,SubtypeB
KU950603,SubtypeB
ON237089,SubtypeB
KY249656,SubtypeB
OQ848550,SubtypeB
MF973154,SubtypeB
OQ848549,SubtypeB
OQ848551,SubtypeB
KX655671,SubtypeB
KY249670,SubtypeB
KY249678,SubtypeB
LC474540,SubtypeB
LC474547,SubtypeB
LC474549,SubtypeB
LC474548,SubtypeB
LC474536,SubtypeB
LC474531,SubtypeB
LC474532,SubtypeB
LC474533,SubtypeB
LC474534,SubtypeB
LC474539,SubtypeB
LC474543,SubtypeB
LC474524,SubtypeB
KY249665,SubtypeB
KX655664,SubtypeB
KY249664,SubtypeB
KY249677,SubtypeB
KX765975,SubtypeB
OK649697,SubtypeB
OK649704,SubtypeB
OK649693,SubtypeB
OK649691,SubtypeB
OK649728,SubtypeB
OK649737,SubtypeB
OK649708,SubtypeB
OK649690,SubtypeB
OK649726,SubtypeB
OK649689,SubtypeB
OK649705,SubtypeB
JX576749,SubtypeB
OK649736,SubtypeB
OK649731,SubtypeB
OK649734,SubtypeB
OK649729,SubtypeB
OK649738,SubtypeB
OK649723,SubtypeB
MG431251,SubtypeB
OK649724,SubtypeB
OK649727,SubtypeB
OK649733,SubtypeB
OK649730,SubtypeB
OK649710,SubtypeB
OK649712,SubtypeB
KY249679,SubtypeB
KF826858,SubtypeB
MK109779,SubtypeB
KF826835,SubtypeB
KF826857,SubtypeB
KF826834,SubtypeB
KJ627348,SubtypeB
KJ627251,SubtypeB
KJ627254,SubtypeB
KX765899,SubtypeB
KF826851,SubtypeB
KJ627364,SubtypeB
JX576740,SubtypeB
JX576743,SubtypeB
KU950458,SubtypeB
KU950569,SubtypeB
OK649694,SubtypeB
OK649714,SubtypeB
KJ627359,SubtypeB
JX576744,SubtypeB
JX576748,SubtypeB
OK649719,SubtypeB
LC474522,SubtypeB
KU950684,SubtypeB
KU950471,SubtypeB
KU950495,SubtypeB
KU839623,SubtypeB
KU950481,SubtypeB
KU950591,SubtypeB
KU950553,SubtypeB
KU950687,SubtypeB
KU950593,SubtypeB
KU950580,SubtypeB
KU950582,SubtypeB
KU950534,SubtypeB
KU839629,SubtypeB
KU950532,SubtypeB
KU950463,SubtypeB
KU839628,SubtypeB
KU950676,SubtypeB
KU950675,SubtypeB
KU839627,SubtypeB
KU950568,SubtypeB
KU839635,SubtypeB
KU950695,SubtypeB
KU950589,SubtypeB
KU950605,SubtypeB
KU950504,SubtypeB
KU950690,SubtypeB
KU950656,SubtypeB
KU950565,SubtypeB
KU839634,SubtypeB
KU950577,SubtypeB
KU950559,SubtypeB
KU950516,SubtypeB
KU950512,SubtypeB
KU950482,SubtypeB
KU950681,SubtypeB
KU950678,SubtypeB
KU839640,SubtypeB
KU950515,SubtypeB
KU950476,SubtypeB
KU950659,SubtypeB
KU950462,SubtypeB
KU950691,SubtypeB
KU950525,SubtypeB
KU950466,SubtypeB
KU950517,SubtypeB
KU950688,SubtypeB
KU950679,SubtypeB
KU950630,SubtypeB
KU950668,SubtypeB
KU950672,SubtypeB
KU950601,SubtypeB
KU950599,SubtypeB
KU839638,SubtypeB
KU950663,SubtypeB
KU950543,SubtypeB
KU950689,SubtypeB
KU950606,SubtypeB
KU950478,SubtypeB
KU950622,SubtypeB
KU950539,SubtypeB
KU950526,SubtypeB
KU950535,SubtypeB
KU950503,SubtypeB
KU950648,SubtypeB
KU950514,SubtypeB
KU950665,SubtypeB
KU950562,SubtypeB
KU839641,SubtypeB
KU950465,SubtypeB
KU950510,SubtypeB
KU950697,SubtypeB
KU950497,SubtypeB
KU839632,SubtypeB
KU950555,SubtypeB
ON237135,SubtypeB
ON237157,SubtypeB
OR466387,SubtypeB
OR466385,SubtypeB
OR466386,SubtypeB
OR466400,SubtypeB
OR466383,SubtypeB
OK649755,SubtypeB
OR466384,SubtypeB
ON237102,SubtypeB
ON237104,SubtypeB
ON237121,SubtypeB
ON237149,SubtypeB
KU950477,SubtypeB
KU950552,SubtypeB
KU950578,SubtypeB
KU950613,SubtypeB
KU950496,SubtypeB
KU950494,SubtypeB
KU950530,SubtypeB
ON237123,SubtypeB
ON237085,SubtypeB
ON237103,SubtypeB
ON237088,SubtypeB
ON237090,SubtypeB
ON237092,SubtypeB
ON237100,SubtypeB
LC474559,SubtypeB
LC474560,SubtypeB
KU950618,SubtypeB
ON237118,SubtypeB
ON237093,SubtypeB
ON237112,SubtypeB
ON237126,SubtypeB
ON237109,SubtypeB
ON237140,SubtypeB
ON237141,SubtypeB
ON237107,SubtypeB
KY249658,SubtypeB
MK749900,SubtypeB
MT040081,SubtypeB
JX576734,SubtypeB
JX576736,SubtypeB
KX655654,SubtypeB
KX655660,SubtypeB
MK109764,SubtypeB
MF001046,SubtypeB
KX655700,SubtypeB
KX655633,SubtypeB
MK109771,SubtypeB
MK109768,SubtypeB
KX655698,SubtypeB
MK109784,SubtypeB
KX655693,SubtypeB
KX655683,SubtypeB
KX655642,SubtypeB
KX655641,SubtypeB
MK109783,SubtypeB
MK109778,SubtypeB
KX655645,SubtypeB
MK109766,SubtypeB
MK109780,SubtypeB
KX655624,SubtypeB
MK109788,SubtypeB
ON237163,SubtypeB
ON237096,SubtypeB
ON237124,SubtypeB
ON237086,SubtypeB
ON237094,SubtypeB
ON237105,SubtypeB
ON237119,SubtypeB
ON237143,SubtypeB
ON237164,SubtypeB
ON237145,SubtypeB
ON237097,SubtypeB
KU950488,SubtypeB
MW582529,SubtypeB
MK749883,SubtypeB
ON237137,SubtypeB
ON237156,SubtypeB
ON237116,SubtypeB
KU950669,SubtypeB
OR466375,SubtypeB
OR466376,SubtypeB
OR466377,SubtypeB
JX576735,SubtypeB
KX655655,SubtypeB
ON237131,SubtypeB
ON237142,SubtypeB
ON237153,SubtypeB
ON237108,SubtypeB
KU950461,SubtypeB
ON237087,SubtypeB
KU950621,SubtypeB
KU950558,SubtypeB
KY249668,SubtypeB
KY249663,SubtypeB
KX655674,SubtypeB
ON237158,SubtypeB
ON237165,SubtypeB
MK109767,SubtypeB
KY249669,SubtypeB
ON237193,SubtypeB
LC474529,SubtypeB
LC474530,SubtypeB
LC474527,SubtypeB
KX765945,SubtypeB
KY249671,SubtypeB
OQ848543,SubtypeB
OQ848544,SubtypeB
OQ848545,SubtypeB
KY249672,SubtypeB
KU950633,SubtypeB
MF001055,SubtypeB
KX765889,SubtypeB
KX765964,SubtypeB
KX765952,SubtypeB
KX765976,SubtypeB
KX765963,SubtypeB
KU839633,SubtypeB
KU950542,SubtypeB
KU950533,SubtypeB
KU950588,SubtypeB
ON237098,SubtypeB
KU950508,SubtypeB
ON237106,SubtypeB
ON237111,SubtypeB
KU950586,SubtypeB
KU950571,SubtypeB
KJ672476,SubtypeB
ON237095,SubtypeB
ON237113,SubtypeB
ON237144,SubtypeB
ON237147,SubtypeB
KU950548,SubtypeB
KU950547,SubtypeB
KY249675,SubtypeB
KY249676,SubtypeB
KY249680,SubtypeB
KX655661,SubtypeB
KJ627262,SubtypeB
KJ627342,SubtypeB
KJ627340,SubtypeB
KX765903,SubtypeB
KX765927,SubtypeB
JX576737,SubtypeB
MF185753,SubtypeB
JX576733,SubtypeB
MN365543,SubtypeB
MN365554,SubtypeB
MN365367,SubtypeB
MN365368,SubtypeB
MN365540,SubtypeB
MN365541,SubtypeB
MN365365,SubtypeB
MN365366,SubtypeB
MN365370,SubtypeB
MN365364,SubtypeB
MN365338,SubtypeB
MN365481,SubtypeB
MN365421,SubtypeB
MN365480,SubtypeB
MN365573,SubtypeB
MN365342,SubtypeB
MH685715,SubtypeB
JX576741,SubtypeB
OQ848541,SubtypeB
KX765890,SubtypeB
KX765922,SubtypeB
KX765978,SubtypeB
OK649701,SubtypeB
KX655684,SubtypeB
KP317928,SubtypeB
LC474528,SubtypeB
KU950584,SubtypeB
OR466389,SubtypeB
KR350475,SubtypeB
ON237170,SubtypeB
KX655629,SubtypeB
KX655649,SubtypeB
MN365479,SubtypeB
MN365575,SubtypeB
MN365569,SubtypeB
OQ848547,SubtypeB
KX765949,SubtypeB
JX576738,SubtypeB
KX765930,SubtypeB
KX765968,SubtypeB
JX576745,SubtypeB
JX576732,SubtypeB
MK109765,SubtypeB
MK109769,SubtypeB
MK109789,SubtypeB
KX655686,SubtypeB
MK109781,SubtypeB
KX655646,SubtypeB
OQ848542,SubtypeB
MK109770,SubtypeB
JX576747,SubtypeB
OK649732,SubtypeB
MG813994,SubtypeB
OK649707,SubtypeB
OK649739,SubtypeB
OK649702,SubtypeB
OK649692,SubtypeB
OK649721,SubtypeB
MG431252,SubtypeB
OK649735,SubtypeB
OK649706,SubtypeB
OK649711,SubtypeB
OK649686,SubtypeB
OK649698,SubtypeB
OK649709,SubtypeB
OK649725,SubtypeB
OK649713,SubtypeB
KF826842,SubtypeB
KP317932,SubtypeB
KP317941,SubtypeB
KJ627280,SubtypeB
KJ627317,SubtypeB
KJ627310,SubtypeB
KJ627299,SubtypeB
OK649688,SubtypeB
JX576756,SubtypeB
KP317927,SubtypeB
KP317945,SubtypeB
KP317934,SubtypeB
KP317952,SubtypeB
OK649742,SubtypeB
OK649744,SubtypeB
OK649743,SubtypeB
KP317917,SubtypeB
KF530259,SubtypeB
OK649716,SubtypeB
OK649717,SubtypeB
OK649715,SubtypeB
OK649718,SubtypeB
OK649720,SubtypeB
OK649703,SubtypeB
OK649696,SubtypeB
OK649695,SubtypeB
KF826859,SubtypeB
KF826860,SubtypeB
JX576730,SubtypeB
JX576729,SubtypeB
JX576731,SubtypeB
JX576746,SubtypeB
KF826822,SubtypeB
MF001045,SubtypeB
MF973155,SubtypeB
MK167034,SubtypeB
MK453523,SubtypeB
OR466378,SubtypeB
OR466379,SubtypeB
OK649722,SubtypeB
KJ627285,SubtypeB
MF001044,SubtypeB
OK649700,SubtypeB
JX576751,SubtypeB
JX576753,SubtypeB
JX576750,SubtypeB
OK649741,SubtypeB
KP317925,SubtypeB
JX576757,SubtypeB
JX576752,SubtypeB
KU950574,SubtypeB
KU950614,SubtypeB
KU950457,SubtypeB
OK649685,SubtypeB
OK649687,SubtypeB
KF640637,SubtypeB
JX576754,SubtypeB
KJ627302,SubtypeB
KX765907,SubtypeB
KX765973,SubtypeB
KX765888,SubtypeB
KU950625,SubtypeB
KU950489,SubtypeB
ON237101,SubtypeB
ON237110,SubtypeB
ON237128,SubtypeB
KU950647,SubtypeB
ON237120,SubtypeB
KU839636,SubtypeB
KU950484,SubtypeB
OR466367,SubtypeB
OR466368,SubtypeB
LC474535,SubtypeB
KX765908,SubtypeB
KX765943,SubtypeB
KX765965,SubtypeB
KY249661,SubtypeB
KY249666,SubtypeB
KY249674,SubtypeB
KX765909,SubtypeB
KX765923,SubtypeB
KU950662,SubtypeB
ON237115,SubtypeB
ON237117,SubtypeB
ON237083,SubtypeB
KU950602,SubtypeB
MK929519,SubtypeB
KX655685,SubtypeB
KJ672430,SubtypeB
KJ672481,SubtypeB
KJ672473,SubtypeB
KM042393,SubtypeB
KJ672438,SubtypeB
KJ672425,SubtypeB
KU950500,SubtypeB
KU950619,SubtypeB
KU950576,SubtypeB
KU950693,SubtypeB
LC474525,SubtypeB
MF001042,SubtypeB
KX655690,SubtypeB
JX576739,SubtypeB
KX765893,SubtypeB
KX765900,SubtypeB
KJ627247,SubtypeB
KJ627332,SubtypeB
KJ627277,SubtypeB
KY249659,SubtypeB
MF973158,SubtypeB
OQ848546,SubtypeB
KF826843,SubtypeB
KF826844,SubtypeB
JX576742,SubtypeB
LC474523,SubtypeB
LC474526,SubtypeB
OR466370,SubtypeB
OR466371,SubtypeB
OR466399,SubtypeB
OR466372,SubtypeB
OR466363,SubtypeB
OR466365,SubtypeB
OR466364,SubtypeB
KU950657,SubtypeB
KF826845,SubtypeB
OK649699,SubtypeB
MG431253,SubtypeB
KX655669,SubtypeB
KY249662,SubtypeB
KF826839,SubtypeB
JX576759,SubtypeB
JX576755,SubtypeB
JX576761,SubtypeB
JX576758,SubtypeB
JX576762,SubtypeB
KF826829,SubtypeB
OK649754,SubtypeB
OK649753,SubtypeB
KF826825,SubtypeB
MG642037,SubtypeB
MG642047,SubtypeB
KU316116,SubtypeB
MG642045,SubtypeB
KP856963,SubtypeB
KU316122,SubtypeB
KU316151,SubtypeB
KU316130,SubtypeB
JQ582844,SubtypeB
MF185752,SubtypeB
JX576760,SubtypeB
JQ582843,SubtypeB
KP258724,SubtypeB
MG642051,SubtypeB
KU316129,SubtypeB
KJ723463,SubtypeB
KP258735,SubtypeB
KU316108,SubtypeB
KJ723469,SubtypeB
MG642076,SubtypeB
MG642068,SubtypeB
KJ723476,SubtypeB
KP258731,SubtypeB
KJ723460,SubtypeB
MK167030,SubtypeB
OQ848548,SubtypeB
KY674983,SubtypeB
MG642072,SubtypeB
MG642036,SubtypeB
KU316113,SubtypeB
KU316172,SubtypeB
KP856966,SubtypeB
KP258708,SubtypeB
OK649752,SubtypeB
KP258739,SubtypeB
KP258742,SubtypeB
KU316158,SubtypeB
KU316134,SubtypeB
KP258713,SubtypeB
KP258745,SubtypeB
OK649748,SubtypeB
OK649740,SubtypeB
KU316105,SubtypeB
KU316100,SubtypeB
KF826853,SubtypeB
KP317923,SubtypeB
KU316179,SubtypeB
MG642046,SubtypeB
KJ723477,SubtypeB
KP258698,SubtypeB
MG642039,SubtypeB
MG642025,SubtypeB
LC741419,SubtypeB
MG642064,SubtypeB
KU316175,SubtypeB
KU316132,SubtypeB
MG642027,SubtypeB
KU316144,SubtypeB
MG642054,SubtypeB
KU316127,SubtypeB
KJ723480,SubtypeB
OK649749,SubtypeB
KP258705,SubtypeB
KP258702,SubtypeB
KU316117,SubtypeB
OK649745,SubtypeB
OK649746,SubtypeB
KJ723484,SubtypeB
OK649750,SubtypeB
OK649751,SubtypeB
KU316114,SubtypeB
KU316128,SubtypeB
KU316159,SubtypeB
MG642062,SubtypeB
KU316182,SubtypeB
KJ723482,SubtypeB
MG642082,SubtypeB
KU316094,SubtypeB
KU316181,SubtypeB
MG642044,SubtypeB
MG642078,SubtypeB
KU316177,SubtypeB
KP258736,SubtypeB
KU316101,SubtypeB
MG642065,SubtypeB
MG642066,SubtypeB
KP258714,SubtypeB
KJ723485,SubtypeB
KU316095,SubtypeB
KU316147,SubtypeB
KU316097,SubtypeB
MG642042,SubtypeB
KU316173,SubtypeB
KP856961,SubtypeB
KP856965,SubtypeB
KU316156,SubtypeB
KU316115,SubtypeB
MF185751,SubtypeB
KJ723479,SubtypeB
KP258718,SubtypeB
MG642059,SubtypeB
KJ723466,SubtypeB
OK649747,SubtypeB
KU316163,SubtypeB
MG642049,SubtypeB
KU316111,SubtypeB
KP258720,SubtypeB
KU316102,SubtypeB
MG642043,SubtypeB
MG642057,SubtypeB
KJ723481,SubtypeB
KP258721,SubtypeB
KP258712,SubtypeB
KF893260,SubtypeB
KU316136,SubtypeB
KP258738,SubtypeB
MG813995,SubtypeB

